Ano,Unidade_Geografica,Aprovacao_Ensino_Fundamental,Aprovacao_Ensino_Medio,Reprovacao_Ensino_Fundamental,Reprovacao_Ensino_Medio
2017,Brasil,91.0,83.1,7.4,10.8
2017,Brasil,91.6,83.0,7.0,10.9
2017,Brasil,87.4,84.2,9.7,8.3
2017,Brasil,94.4,86.1,5.5,11.6
2017,Brasil,94.4,85.9,5.5,11.8
2017,Brasil,97.3,87.1,1.8,10.7
2017,Brasil,89.4,81.2,8.6,11.8
2017,Brasil,89.5,81.1,8.6,12.0
2017,Brasil,87.9,83.7,9.0,8.3
2017,Brasil,89.7,86.1,8.4,9.2
2017,Brasil,90.4,86.6,7.9,9.4
2017,Brasil,87.2,82.2,9.9,7.8
2017,Brasil,97.7,95.7,2.1,4.0
2017,Brasil,97.8,95.7,2.1,4.0
2017,Brasil,95.6,92.8,4.0,4.2
2017,Brasil,89.6,81.4,8.4,11.8
2017,Brasil,90.1,81.2,8.1,11.9
2017,Brasil,87.3,83.9,9.8,8.4
2017,Norte,87.7,80.0,9.4,10.2
2017,Norte,89.5,79.7,8.3,10.6
2017,Norte,83.0,82.9,12.0,6.8
2017,Norte,93.4,85.8,6.6,12.7
2017,Norte,93.4,85.5,6.6,12.8
2017,Norte,,87.2,,12.3
2017,Norte,88.0,78.7,9.0,10.6
2017,Norte,88.3,78.2,8.9,11.1
2017,Norte,85.7,82.5,9.5,6.6
2017,Norte,86.2,78.7,10.5,12.1
2017,Norte,88.5,76.9,9.3,15.5
2017,Norte,82.6,84.8,12.4,0.7
2017,Norte,98.0,95.8,1.7,3.6
2017,Norte,98.1,96.0,1.7,3.6
2017,Norte,92.8,91.5,6.2,3.5
2017,Norte,86.8,78.9,10.0,10.7
2017,Norte,88.4,78.4,9.1,11.1
2017,Norte,83.0,82.7,12.0,6.8
2017,Rondônia,92.1,85.1,6.6,8.5
2017,Rondônia,92.8,84.7,6.1,9.0
2017,Rondônia,89.4,89.6,8.4,3.7
2017,Rondônia,,89.3,,10.0
2017,Rondônia,,87.2,,12.1
2017,Rondônia,,94.8,,4.5
2017,Rondônia,91.9,84.2,6.3,8.7
2017,Rondônia,92.1,84.0,6.2,9.1
2017,Rondônia,89.4,87.4,6.4,3.4
2017,Rondônia,91.3,,7.7,
2017,Rondônia,92.3,,7.1,
2017,Rondônia,89.4,,9.0,
2017,Rondônia,98.4,93.1,1.5,5.4
2017,Rondônia,98.4,93.0,1.5,5.7
2017,Rondônia,98.9,93.7,1.1,4.1
2017,Rondônia,91.5,84.6,7.1,8.8
2017,Rondônia,92.2,84.2,6.6,9.2
2017,Rondônia,89.4,89.0,8.5,3.7
2017,Acre,91.3,84.3,6.4,8.9
2017,Acre,94.4,83.5,4.7,10.2
2017,Acre,85.0,87.6,9.8,3.7
2017,Acre,90.8,78.6,8.9,15.5
2017,Acre,90.8,78.6,8.9,15.5
2017,Acre,92.4,84.0,5.3,8.9
2017,Acre,94.6,83.0,4.3,10.3
2017,Acre,86.8,87.6,7.9,3.7
2017,Acre,88.5,,8.7,
2017,Acre,93.0,,6.3,
2017,Acre,83.3,,11.6,
2017,Acre,99.2,96.0,0.7,3.8
2017,Acre,99.2,96.0,0.7,3.8
2017,Acre,90.9,83.8,6.6,9.2
2017,Acre,94.1,82.8,4.9,10.5
2017,Acre,85.0,87.6,9.8,3.7
2017,Amazonas,90.3,83.7,6.6,7.4
2017,Amazonas,92.3,83.5,5.7,7.7
2017,Amazonas,84.5,85.1,9.4,5.5
2017,Amazonas,96.3,85.9,3.7,13.2
2017,Amazonas,96.3,85.9,3.7,13.1
2017,Amazonas,,85.7,,13.4
2017,Amazonas,92.5,83.2,5.2,7.3
2017,Amazonas,92.7,82.8,5.1,7.7
2017,Amazonas,89.9,85.1,5.9,5.4
2017,Amazonas,88.2,84.9,8.0,4.0
2017,Amazonas,90.8,87.1,7.0,4.9
2017,Amazonas,83.9,77.5,9.7,1.1
2017,Amazonas,98.2,95.1,1.6,4.4
2017,Amazonas,98.2,95.2,1.6,4.4
2017,Amazonas,96.5,91.8,3.5,8.2
2017,Amazonas,89.7,83.3,7.0,7.5
2017,Amazonas,91.6,82.9,6.1,7.9
2017,Amazonas,84.4,85.0,9.4,5.5
2017,Roraima,90.7,81.4,7.4,10.9
2017,Roraima,91.2,80.5,7.3,12.1
2017,Roraima,89.2,85.1,7.8,6.0
2017,Roraima,99.1,92.4,0.9,6.5
2017,Roraima,99.1,92.2,0.9,6.3
2017,Roraima,,92.7,,7.1
2017,Roraima,87.3,79.5,9.5,11.7
2017,Roraima,86.3,78.4,10.8,13.2
2017,Roraima,89.0,84.2,7.4,6.0
2017,Roraima,92.7,,6.3,
2017,Roraima,93.6,,5.7,
2017,Roraima,89.7,,8.4,
2017,Roraima,97.8,95.3,2.2,4.4
2017,Roraima,97.8,95.5,2.2,4.5
2017,Roraima,,88.2,,0.0
2017,Roraima,90.0,80.5,7.9,11.3
2017,Roraima,90.4,79.3,8.0,12.7
2017,Roraima,89.2,85.1,7.8,6.1
2017,Pará,84.4,76.1,11.9,11.7
2017,Pará,86.2,76.0,10.8,11.9
2017,Pará,80.9,77.7,13.9,8.0
2017,Pará,91.6,85.6,8.4,11.4
2017,Pará,91.6,85.0,8.4,11.8
2017,Pará,,94.5,,5.0
2017,Pará,80.1,74.0,14.9,12.5
2017,Pará,80.2,73.8,14.9,12.8
2017,Pará,79.4,77.1,13.7,8.3
2017,Pará,83.6,66.3,12.5,28.1
2017,Pará,85.6,56.0,11.4,37.3
2017,Pará,80.9,98.0,13.9,0.0
2017,Pará,97.7,96.3,2.0,3.1
2017,Pará,97.8,96.5,1.9,3.1
2017,Pará,88.1,88.9,10.6,2.9
2017,Pará,83.1,74.1,12.8,12.5
2017,Pará,84.5,73.9,12.1,12.8
2017,Pará,80.9,77.3,13.9,8.2
2017,Amapá,86.6,76.9,11.0,14.3
2017,Amapá,87.6,77.1,10.3,14.5
2017,Amapá,82.6,75.1,13.8,13.2
2017,Amapá,,86.9,,11.7
2017,Amapá,,86.9,,11.7
2017,Amapá,83.1,74.6,13.7,15.6
2017,Amapá,83.7,74.6,13.3,15.9
2017,Amapá,81.2,74.5,14.7,13.7
2017,Amapá,88.5,,9.7,
2017,Amapá,89.2,,9.2,
2017,Amapá,85.5,,12.2,
2017,Amapá,99.0,97.5,0.9,1.7
2017,Amapá,99.1,98.1,0.8,1.8
2017,Amapá,86.5,88.4,6.0,0.6
2017,Amapá,85.3,75.1,12.0,15.4
2017,Amapá,86.1,75.2,11.5,15.7
2017,Amapá,82.6,74.5,13.9,13.7
2017,Tocantins,91.4,84.2,7.4,10.2
2017,Tocantins,91.9,84.4,7.1,10.1
2017,Tocantins,88.3,82.9,9.2,11.8
2017,Tocantins,,80.2,,19.3
2017,Tocantins,,82.6,,16.9
2017,Tocantins,,74.5,,25.1
2017,Tocantins,87.5,83.8,10.0,10.1
2017,Tocantins,88.0,83.7,9.9,10.1
2017,Tocantins,83.4,84.0,11.2,9.2
2017,Tocantins,92.8,,6.6,
2017,Tocantins,93.4,,6.1,
2017,Tocantins,89.8,,8.8,
2017,Tocantins,98.3,94.5,1.7,5.2
2017,Tocantins,98.2,94.4,1.7,5.3
2017,Tocantins,99.2,96.3,0.8,3.7
2017,Tocantins,90.7,83.6,7.9,10.5
2017,Tocantins,91.2,83.7,7.7,10.4
2017,Tocantins,88.1,82.2,9.4,12.2
2017,Nordeste,88.0,83.0,9.3,10.0
2017,Nordeste,88.3,82.9,9.1,10.2
2017,Nordeste,87.1,83.3,9.9,8.5
2017,Nordeste,96.4,82.3,3.6,14.0
2017,Nordeste,96.3,82.0,3.7,14.3
2017,Nordeste,97.3,84.8,1.8,11.9
2017,Nordeste,80.9,81.6,14.8,10.6
2017,Nordeste,80.9,81.5,14.9,10.8
2017,Nordeste,80.2,83.0,13.9,8.5
2017,Nordeste,86.8,79.1,10.3,9.0
2017,Nordeste,86.5,78.6,10.4,9.4
2017,Nordeste,87.3,79.6,9.9,8.4
2017,Nordeste,97.3,95.0,2.4,4.3
2017,Nordeste,97.3,95.1,2.4,4.3
2017,Nordeste,95.8,90.5,3.9,4.8
2017,Nordeste,86.1,81.6,10.8,10.7
2017,Nordeste,85.6,81.5,11.1,10.9
2017,Nordeste,87.1,83.0,10.0,8.7
2017,Maranhão,89.7,86.5,7.8,7.4
2017,Maranhão,90.2,87.0,7.6,7.3
2017,Maranhão,89.0,83.7,8.0,8.0
2017,Maranhão,95.5,86.2,4.3,10.5
2017,Maranhão,94.8,86.1,5.2,10.5
2017,Maranhão,97.3,86.9,1.8,10.7
2017,Maranhão,85.2,86.0,10.0,7.6
2017,Maranhão,90.4,86.4,8.3,7.5
2017,Maranhão,76.5,83.6,12.8,8.0
2017,Maranhão,88.9,82.9,8.4,4.9
2017,Maranhão,88.7,86.9,8.7,3.9
2017,Maranhão,89.3,76.8,7.9,6.4
2017,Maranhão,97.7,94.9,2.0,3.6
2017,Maranhão,97.7,95.7,2.0,3.5
2017,Maranhão,98.1,86.5,1.5,5.1
2017,Maranhão,88.8,85.9,8.4,7.7
2017,Maranhão,88.8,86.4,8.7,7.6
2017,Maranhão,88.9,83.6,8.1,8.1
2017,Piauí,88.5,82.8,9.4,7.7
2017,Piauí,89.2,83.1,8.8,7.9
2017,Piauí,86.8,77.8,10.9,5.8
2017,Piauí,,80.1,,16.7
2017,Piauí,,80.0,,16.8
2017,Piauí,,81.2,,15.5
2017,Piauí,82.7,81.5,12.0,7.6
2017,Piauí,82.8,81.7,11.9,7.8
2017,Piauí,68.2,77.5,17.9,5.2
2017,Piauí,87.7,74.2,10.2,24.5
2017,Piauí,88.2,74.2,9.8,24.5
2017,Piauí,86.8,,10.8,
2017,Piauí,96.6,94.6,3.3,4.9
2017,Piauí,96.6,94.6,3.3,5.0
2017,Piauí,94.7,96.4,5.3,1.8
2017,Piauí,87.3,81.4,10.4,8.1
2017,Piauí,87.5,81.6,10.1,8.2
2017,Piauí,86.8,77.7,10.9,5.8
2017,Ceará,94.9,88.9,4.0,5.1
2017,Ceará,94.8,88.9,4.1,5.1
2017,Ceará,95.4,90.3,3.5,4.0
2017,Ceará,95.4,81.0,4.6,15.0
2017,Ceará,95.4,81.2,4.6,14.5
2017,Ceará,,79.3,,19.9
2017,Ceará,88.5,88.3,7.1,5.1
2017,Ceará,88.1,88.1,7.3,5.2
2017,Ceará,92.0,90.6,5.3,3.7
2017,Ceará,94.3,,4.4,
2017,Ceará,93.9,,4.7,
2017,Ceará,95.5,,3.5,
2017,Ceará,97.7,96.1,2.0,3.5
2017,Ceará,97.7,96.2,2.0,3.5
2017,Ceará,98.0,91.5,2.0,0.0
2017,Ceará,94.2,88.2,4.5,5.3
2017,Ceará,93.7,88.0,4.8,5.3
2017,Ceará,95.4,90.3,3.6,4.0
2017,Rio Grande do Norte,84.4,75.4,12.6,15.4
2017,Rio Grande do Norte,84.7,75.3,12.4,15.5
2017,Rio Grande do Norte,82.9,79.4,13.5,10.9
2017,Rio Grande do Norte,100.0,84.5,0.0,13.2
2017,Rio Grande do Norte,100.0,84.3,0.0,13.4
2017,Rio Grande do Norte,,86.5,,12.1
2017,Rio Grande do Norte,78.5,71.1,17.5,17.3
2017,Rio Grande do Norte,78.5,71.0,17.5,17.5
2017,Rio Grande do Norte,79.0,76.1,15.7,10.5
2017,Rio Grande do Norte,82.0,,14.4,
2017,Rio Grande do Norte,81.6,,14.7,
2017,Rio Grande do Norte,83.0,,13.5,
2017,Rio Grande do Norte,97.0,94.5,2.7,5.0
2017,Rio Grande do Norte,97.0,94.5,2.7,5.0
2017,Rio Grande do Norte,96.1,100.0,3.3,0.0
2017,Rio Grande do Norte,81.1,72.6,15.2,16.9
2017,Rio Grande do Norte,80.6,72.3,15.6,17.1
2017,Rio Grande do Norte,82.7,79.3,13.6,11.0
2017,Paraíba,86.1,78.9,10.1,9.9
2017,Paraíba,86.2,79.0,9.9,9.9
2017,Paraíba,85.7,78.0,11.0,10.4
2017,Paraíba,100.0,84.2,0.0,11.8
2017,Paraíba,100.0,84.1,0.0,11.9
2017,Paraíba,,85.3,,11.5
2017,Paraíba,79.6,75.9,13.5,10.9
2017,Paraíba,79.7,75.9,13.3,10.9
2017,Paraíba,78.2,77.7,15.0,10.3
2017,Paraíba,84.6,72.2,11.5,9.4
2017,Paraíba,84.0,72.2,11.8,9.4
2017,Paraíba,86.4,,10.6,
2017,Paraíba,97.4,95.2,2.2,3.9
2017,Paraíba,97.5,95.2,2.2,3.9
2017,Paraíba,89.6,,9.7,
2017,Paraíba,83.4,76.3,12.0,10.9
2017,Paraíba,82.8,76.2,12.3,10.9
2017,Paraíba,85.7,78.0,11.0,10.4
2017,Pernambuco,90.1,92.6,8.1,5.9
2017,Pernambuco,90.6,93.0,7.8,5.7
2017,Pernambuco,88.3,87.4,9.8,8.7
2017,Pernambuco,98.1,77.5,1.7,17.2
2017,Pernambuco,98.1,76.3,1.7,18.0
2017,Pernambuco,,81.4,,14.8
2017,Pernambuco,91.8,92.6,7.2,5.9
2017,Pernambuco,92.8,92.9,6.4,5.8
2017,Pernambuco,84.3,87.9,12.8,8.2
2017,Pernambuco,87.2,87.5,10.4,7.3
2017,Pernambuco,86.8,85.8,10.7,2.5
2017,Pernambuco,88.5,88.4,9.6,9.9
2017,Pernambuco,97.3,95.6,2.4,3.9
2017,Pernambuco,97.4,95.6,2.4,3.9
2017,Pernambuco,93.3,96.2,6.4,3.4
2017,Pernambuco,88.0,92.3,9.9,6.2
2017,Pernambuco,87.9,92.6,9.9,6.0
2017,Pernambuco,88.2,87.3,9.9,8.8
2017,Alagoas,89.3,83.5,7.4,7.8
2017,Alagoas,89.2,83.4,7.2,8.0
2017,Alagoas,89.6,86.7,7.8,5.2
2017,Alagoas,,76.1,,16.7
2017,Alagoas,,76.1,,16.7
2017,Alagoas,85.2,81.9,8.9,8.0
2017,Alagoas,84.8,81.5,9.0,8.2
2017,Alagoas,91.5,86.7,6.4,5.2
2017,Alagoas,88.0,,8.4,
2017,Alagoas,87.3,,8.6,
2017,Alagoas,89.5,,7.9,
2017,Alagoas,97.4,95.0,2.2,4.3
2017,Alagoas,97.4,95.0,2.2,4.3
2017,Alagoas,95.9,,4.0,
2017,Alagoas,87.6,81.6,8.4,8.4
2017,Alagoas,86.8,81.2,8.7,8.6
2017,Alagoas,89.6,86.7,7.8,5.2
2017,Sergipe,82.2,78.0,14.7,11.5
2017,Sergipe,83.1,78.1,13.9,11.5
2017,Sergipe,79.5,75.8,17.1,11.0
2017,Sergipe,88.4,77.8,11.6,16.8
2017,Sergipe,88.4,75.2,11.6,21.9
2017,Sergipe,,81.2,,9.8
2017,Sergipe,78.2,74.3,17.8,12.8
2017,Sergipe,78.1,74.3,17.9,12.9
2017,Sergipe,79.9,74.8,16.9,11.2
2017,Sergipe,77.8,,18.2,
2017,Sergipe,76.8,,18.9,
2017,Sergipe,79.3,,17.3,
2017,Sergipe,96.8,94.4,3.0,5.0
2017,Sergipe,96.8,94.4,3.0,5.0
2017,Sergipe,96.6,,3.2,
2017,Sergipe,77.9,74.4,18.1,12.9
2017,Sergipe,77.3,74.3,18.5,13.0
2017,Sergipe,79.3,75.8,17.2,11.0
2017,Bahia,83.5,74.7,12.8,16.8
2017,Bahia,83.8,74.5,12.7,17.1
2017,Bahia,82.7,79.2,13.2,12.2
2017,Bahia,96.7,84.0,3.3,13.2
2017,Bahia,96.7,83.4,3.3,13.9
2017,Bahia,,90.8,,5.9
2017,Bahia,70.8,72.6,24.1,18.1
2017,Bahia,70.7,72.3,24.3,18.4
2017,Bahia,72.7,77.3,20.8,13.6
2017,Bahia,82.3,77.4,13.5,10.3
2017,Bahia,82.0,74.4,13.7,12.3
2017,Bahia,82.8,79.5,13.1,9.0
2017,Bahia,97.0,94.3,2.7,5.1
2017,Bahia,97.1,94.4,2.7,5.1
2017,Bahia,94.0,92.2,5.5,5.0
2017,Bahia,81.1,72.9,14.6,17.9
2017,Bahia,80.3,72.6,15.3,18.2
2017,Bahia,82.6,78.0,13.3,12.9
2017,Sudeste,93.8,85.0,5.3,10.5
2017,Sudeste,93.8,84.9,5.3,10.6
2017,Sudeste,92.5,90.1,6.8,6.8
2017,Sudeste,93.9,88.2,6.0,10.6
2017,Sudeste,93.9,88.2,6.0,10.7
2017,Sudeste,,88.7,,9.7
2017,Sudeste,92.3,83.0,6.2,11.7
2017,Sudeste,92.3,82.9,6.1,11.8
2017,Sudeste,92.3,89.9,6.3,6.7
2017,Sudeste,93.1,90.8,6.1,7.4
2017,Sudeste,93.2,90.8,6.0,7.5
2017,Sudeste,92.4,92.1,7.0,4.4
2017,Sudeste,97.8,95.9,2.1,3.9
2017,Sudeste,97.8,95.9,2.1,3.9
2017,Sudeste,95.9,94.9,3.7,3.6
2017,Sudeste,92.8,83.2,6.1,11.6
2017,Sudeste,92.8,83.1,6.1,11.8
2017,Sudeste,92.4,89.8,6.8,7.0
2017,Minas Gerais,92.8,80.4,6.0,12.4
2017,Minas Gerais,92.6,80.2,6.1,12.5
2017,Minas Gerais,95.1,88.9,4.1,6.6
2017,Minas Gerais,93.5,89.5,6.4,9.7
2017,Minas Gerais,93.5,89.3,6.4,10.1
2017,Minas Gerais,,90.3,,8.4
2017,Minas Gerais,89.7,78.6,8.2,13.3
2017,Minas Gerais,89.6,78.4,8.3,13.4
2017,Minas Gerais,93.0,87.8,5.3,6.5
2017,Minas Gerais,94.4,88.7,4.9,7.9
2017,Minas Gerais,94.2,88.6,5.1,8.0
2017,Minas Gerais,95.6,89.8,3.7,6.3
2017,Minas Gerais,98.0,95.0,1.9,4.8
2017,Minas Gerais,98.0,95.0,2.0,4.8
2017,Minas Gerais,94.8,94.7,4.2,3.0
2017,Minas Gerais,92.1,79.0,6.5,13.1
2017,Minas Gerais,91.8,78.7,6.8,13.3
2017,Minas Gerais,95.1,88.4,4.1,6.9
2017,Espírito Santo,90.0,84.8,9.2,12.3
2017,Espírito Santo,89.9,84.6,9.3,12.5
2017,Espírito Santo,91.0,89.3,8.3,7.9
2017,Espírito Santo,,86.8,,11.4
2017,Espírito Santo,,86.6,,11.7
2017,Espírito Santo,,87.5,,9.9
2017,Espírito Santo,87.9,83.0,10.9,13.6
2017,Espírito Santo,87.6,82.9,11.1,13.7
2017,Espírito Santo,91.5,88.0,8.0,8.9
2017,Espírito Santo,89.1,100.0,10.1,0.0
2017,Espírito Santo,88.8,,10.4,
2017,Espírito Santo,90.9,100.0,8.5,0.0
2017,Espírito Santo,98.1,95.4,1.9,4.4
2017,Espírito Santo,98.2,95.5,1.8,4.4
2017,Espírito Santo,92.6,93.7,4.7,4.1
2017,Espírito Santo,88.8,83.3,10.3,13.4
2017,Espírito Santo,88.5,83.1,10.5,13.6
2017,Espírito Santo,91.0,88.0,8.4,9.1
2017,Rio de Janeiro,88.8,81.8,9.9,14.1
2017,Rio de Janeiro,89.0,81.7,9.7,14.2
2017,Rio de Janeiro,84.9,86.4,13.9,10.4
2017,Rio de Janeiro,93.8,86.8,6.0,11.7
2017,Rio de Janeiro,93.8,87.1,6.0,11.4
2017,Rio de Janeiro,,79.5,,18.4
2017,Rio de Janeiro,77.5,78.4,19.9,16.5
2017,Rio de Janeiro,77.6,78.1,19.8,16.7
2017,Rio de Janeiro,74.6,86.3,22.8,10.3
2017,Rio de Janeiro,86.9,81.8,11.4,13.7
2017,Rio de Janeiro,87.0,81.8,11.2,13.7
2017,Rio de Janeiro,85.1,,13.8,
2017,Rio de Janeiro,96.0,93.3,3.8,6.2
2017,Rio de Janeiro,96.0,93.3,3.7,6.2
2017,Rio de Janeiro,95.3,95.6,4.5,4.1
2017,Rio de Janeiro,85.8,78.8,12.4,16.2
2017,Rio de Janeiro,85.9,78.5,12.3,16.4
2017,Rio de Janeiro,84.3,86.0,14.4,10.8
2017,São Paulo,96.5,88.3,2.9,8.4
2017,São Paulo,96.5,88.2,2.9,8.5
2017,São Paulo,96.8,94.1,2.9,4.2
2017,São Paulo,100.0,90.0,0.0,9.4
2017,São Paulo,100.0,90.0,0.0,9.4
2017,São Paulo,95.2,86.6,3.5,9.5
2017,São Paulo,95.2,86.5,3.5,9.6
2017,São Paulo,96.9,94.0,2.4,4.3
2017,São Paulo,96.5,93.3,3.2,6.0
2017,São Paulo,96.4,93.3,3.2,6.0
2017,São Paulo,96.8,95.0,3.1,1.7
2017,São Paulo,98.7,97.3,1.3,2.7
2017,São Paulo,98.7,97.3,1.3,2.7
2017,São Paulo,98.0,96.3,2.0,3.7
2017,São Paulo,95.9,86.7,3.4,9.4
2017,São Paulo,95.9,86.6,3.4,9.5
2017,São Paulo,96.8,94.0,2.9,4.2
2017,Sul,90.8,79.0,8.3,14.1
2017,Sul,90.8,78.8,8.4,14.2
2017,Sul,91.2,83.9,7.8,9.9
2017,Sul,95.3,88.3,4.5,9.6
2017,Sul,95.3,88.3,4.5,9.7
2017,Sul,,88.4,,8.7
2017,Sul,86.4,76.3,12.0,15.7
2017,Sul,86.2,76.0,12.2,15.9
2017,Sul,89.0,83.0,9.4,10.2
2017,Sul,92.2,68.2,7.2,20.5
2017,Sul,92.2,66.0,7.3,22.0
2017,Sul,92.4,83.8,7.0,9.7
2017,Sul,98.2,96.1,1.8,3.7
2017,Sul,98.3,96.1,1.7,3.7
2017,Sul,95.2,93.9,4.7,5.3
2017,Sul,89.7,76.6,9.3,15.5
2017,Sul,89.5,76.3,9.5,15.7
2017,Sul,91.2,83.6,7.8,10.1
2017,Paraná,91.7,81.5,7.4,11.7
2017,Paraná,91.6,81.3,7.4,11.8
2017,Paraná,92.1,86.0,7.0,8.4
2017,Paraná,98.3,91.7,1.7,6.9
2017,Paraná,98.3,91.4,1.7,7.1
2017,Paraná,,99.6,,0.0
2017,Paraná,85.7,79.0,12.0,13.1
2017,Paraná,85.4,78.6,12.2,13.3
2017,Paraná,89.9,85.6,8.3,8.6
2017,Paraná,94.6,100.0,5.3,0.0
2017,Paraná,94.7,100.0,5.2,0.0
2017,Paraná,93.7,,6.2,
2017,Paraná,98.3,96.6,1.7,3.3
2017,Paraná,98.3,96.6,1.7,3.3
2017,Paraná,96.9,94.0,3.1,6.0
2017,Paraná,90.6,79.2,8.3,12.9
2017,Paraná,90.5,78.9,8.4,13.2
2017,Paraná,92.1,85.8,7.1,8.5
2017,Santa Catarina,93.8,83.6,5.8,10.1
2017,Santa Catarina,93.7,83.5,5.9,10.2
2017,Santa Catarina,94.8,87.6,4.7,7.1
2017,Santa Catarina,92.4,90.4,7.2,8.3
2017,Santa Catarina,92.4,90.3,7.2,8.4
2017,Santa Catarina,,91.7,,7.3
2017,Santa Catarina,90.6,81.1,8.5,11.3
2017,Santa Catarina,90.5,81.0,8.6,11.4
2017,Santa Catarina,92.3,86.3,6.8,7.4
2017,Santa Catarina,94.6,88.8,5.0,7.7
2017,Santa Catarina,94.5,88.0,5.2,8.3
2017,Santa Catarina,95.9,92.0,3.8,5.6
2017,Santa Catarina,98.8,96.6,1.2,3.2
2017,Santa Catarina,98.8,96.6,1.2,3.2
2017,Santa Catarina,97.0,97.1,2.4,2.1
2017,Santa Catarina,93.0,81.6,6.4,11.2
2017,Santa Catarina,92.9,81.4,6.6,11.3
2017,Santa Catarina,94.7,87.2,4.8,7.3
2017,Rio Grande do Sul,88.0,72.8,11.0,19.7
2017,Rio Grande do Sul,87.9,72.6,11.1,19.9
2017,Rio Grande do Sul,88.9,79.3,9.9,13.2
2017,Rio Grande do Sul,95.9,84.9,4.1,12.0
2017,Rio Grande do Sul,95.9,84.5,4.1,12.5
2017,Rio Grande do Sul,,86.4,,10.0
2017,Rio Grande do Sul,84.8,69.9,14.1,21.7
2017,Rio Grande do Sul,84.6,69.7,14.3,21.9
2017,Rio Grande do Sul,86.6,76.5,11.6,14.7
2017,Rio Grande do Sul,88.1,64.7,10.8,22.6
2017,Rio Grande do Sul,87.7,62.7,11.1,24.0
2017,Rio Grande do Sul,89.9,81.0,9.1,11.2
2017,Rio Grande do Sul,97.8,94.8,2.2,4.9
2017,Rio Grande do Sul,97.8,94.9,2.1,4.9
2017,Rio Grande do Sul,92.9,92.4,7.1,6.2
2017,Rio Grande do Sul,86.6,70.5,12.2,21.3
2017,Rio Grande do Sul,86.3,70.1,12.6,21.6
2017,Rio Grande do Sul,88.9,78.8,9.9,13.6
2017,Centro-Oeste,93.8,83.9,5.3,10.5
2017,Centro-Oeste,93.9,84.1,5.2,10.4
2017,Centro-Oeste,92.0,80.0,6.4,12.1
2017,Centro-Oeste,95.8,89.3,4.1,8.7
2017,Centro-Oeste,95.8,89.8,4.1,8.1
2017,Centro-Oeste,,87.5,,10.9
2017,Centro-Oeste,92.3,81.5,6.2,11.7
2017,Centro-Oeste,92.2,81.8,6.3,11.7
2017,Centro-Oeste,93.3,77.8,5.4,12.8
2017,Centro-Oeste,93.3,90.4,5.9,5.5
2017,Centro-Oeste,93.6,89.3,5.7,5.8
2017,Centro-Oeste,91.3,93.3,6.9,4.8
2017,Centro-Oeste,98.4,95.8,1.5,3.9
2017,Centro-Oeste,98.4,95.9,1.5,3.9
2017,Centro-Oeste,97.0,95.2,3.0,4.4
2017,Centro-Oeste,92.8,81.9,6.0,11.6
2017,Centro-Oeste,92.9,82.0,6.0,11.5
2017,Centro-Oeste,91.9,79.3,6.4,12.5
2017,Mato Grosso do Sul,89.1,80.6,9.5,11.7
2017,Mato Grosso do Sul,89.6,80.8,9.1,11.7
2017,Mato Grosso do Sul,85.0,78.5,12.2,11.0
2017,Mato Grosso do Sul,94.6,87.0,5.4,8.5
2017,Mato Grosso do Sul,94.6,88.0,5.4,7.7
2017,Mato Grosso do Sul,,82.4,,12.7
2017,Mato Grosso do Sul,87.4,78.6,10.0,12.7
2017,Mato Grosso do Sul,87.4,78.7,10.0,12.8
2017,Mato Grosso do Sul,87.6,76.7,9.6,11.1
2017,Mato Grosso do Sul,88.3,97.5,10.7,2.5
2017,Mato Grosso do Sul,89.1,,10.3,
2017,Mato Grosso do Sul,84.2,97.5,12.9,2.5
2017,Mato Grosso do Sul,98.3,95.6,1.6,4.1
2017,Mato Grosso do Sul,98.3,95.9,1.6,3.9
2017,Mato Grosso do Sul,94.7,90.6,5.3,9.1
2017,Mato Grosso do Sul,88.0,79.0,10.4,12.5
2017,Mato Grosso do Sul,88.4,79.1,10.2,12.6
2017,Mato Grosso do Sul,84.8,77.7,12.3,11.1
2017,Mato Grosso,97.0,73.3,2.3,16.5
2017,Mato Grosso,97.1,72.9,2.3,16.7
2017,Mato Grosso,96.4,76.0,2.4,14.8
2017,Mato Grosso,,90.9,,8.4
2017,Mato Grosso,,91.6,,7.7
2017,Mato Grosso,,88.4,,11.1
2017,Mato Grosso,97.1,70.3,1.9,18.0
2017,Mato Grosso,97.0,69.7,1.9,18.5
2017,Mato Grosso,97.5,74.9,1.3,15.1
2017,Mato Grosso,96.6,,3.0,
2017,Mato Grosso,96.7,,3.0,
2017,Mato Grosso,95.8,,2.9,
2017,Mato Grosso,98.6,96.2,1.3,3.5
2017,Mato Grosso,98.6,96.2,1.3,3.5
2017,Mato Grosso,94.7,90.9,5.3,9.1
2017,Mato Grosso,96.8,71.3,2.5,17.6
2017,Mato Grosso,96.9,70.6,2.5,18.0
2017,Mato Grosso,96.4,76.0,2.4,14.8
2017,Goiás,95.3,92.5,3.9,5.2
2017,Goiás,95.4,92.4,3.8,5.2
2017,Goiás,93.9,93.1,5.0,5.3
2017,Goiás,94.9,89.7,4.9,8.5
2017,Goiás,94.9,89.6,4.9,8.2
2017,Goiás,,89.9,,9.1
2017,Goiás,95.3,91.9,3.6,5.3
2017,Goiás,95.3,91.9,3.6,5.4
2017,Goiás,96.0,94.5,3.0,3.4
2017,Goiás,94.3,89.0,4.9,6.1
2017,Goiás,94.3,89.3,4.9,5.8
2017,Goiás,93.4,87.4,5.5,8.0
2017,Goiás,98.4,96.0,1.5,3.6
2017,Goiás,98.4,96.0,1.5,3.6
2017,Goiás,97.8,96.8,2.2,2.5
2017,Goiás,94.6,91.8,4.5,5.5
2017,Goiás,94.7,91.8,4.4,5.4
2017,Goiás,93.8,92.5,5.1,5.8
2017,Distrito Federal,91.3,82.8,7.5,12.6
2017,Distrito Federal,91.4,82.8,7.4,12.6
2017,Distrito Federal,89.5,83.7,9.4,11.5
2017,Distrito Federal,98.0,87.2,2.0,11.0
2017,Distrito Federal,98.0,88.6,2.0,9.9
2017,Distrito Federal,,78.2,,18.1
2017,Distrito Federal,88.7,78.3,9.7,15.5
2017,Distrito Federal,88.7,78.2,9.7,15.6
2017,Distrito Federal,89.2,82.9,9.7,11.7
2017,Distrito Federal,98.5,95.5,1.5,4.4
2017,Distrito Federal,98.5,95.5,1.5,4.4
2017,Distrito Federal,99.0,98.0,1.0,2.0
2017,Distrito Federal,88.7,78.5,9.7,15.4
2017,Distrito Federal,88.7,78.4,9.7,15.5
2017,Distrito Federal,89.2,82.3,9.7,12.4
Fonte: Censo da Educação Básica 2017/INEP.,,,,,
2018,Brasil,91.5,83.4,7.0,10.5
2018,Brasil,92.1,83.4,6.6,10.6
2018,Brasil,87.6,84.4,9.7,8.4
2018,Brasil,94.5,87.3,5.3,10.8
2018,Brasil,94.5,87.2,5.3,10.9
2018,Brasil,92.9,88.5,7.1,9.9
2018,Brasil,90.2,81.5,8.0,11.5
2018,Brasil,90.3,81.4,8.0,11.6
2018,Brasil,88.5,83.7,8.7,8.5
2018,Brasil,90.2,86.2,8.1,8.9
2018,Brasil,91.0,86.6,7.6,9.1
2018,Brasil,87.4,82.7,9.9,6.7
2018,Brasil,98.0,96.0,1.9,3.7
2018,Brasil,98.0,96.0,1.9,3.7
2018,Brasil,96.2,93.3,3.4,4.0
2018,Brasil,90.2,81.7,8.1,11.4
2018,Brasil,90.7,81.6,7.7,11.6
2018,Brasil,87.5,84.1,9.8,8.5
2018,Norte,88.1,80.6,9.1,8.8
2018,Norte,90.1,80.3,7.9,9.1
2018,Norte,83.0,83.0,12.2,6.4
2018,Norte,94.2,87.2,5.8,10.4
2018,Norte,94.2,86.9,5.8,10.5
2018,Norte,,89.0,,10.1
2018,Norte,88.7,79.3,8.2,9.2
2018,Norte,89.2,78.9,8.1,9.5
2018,Norte,85.9,82.5,9.1,6.3
2018,Norte,86.5,83.9,10.4,13.6
2018,Norte,89.0,83.9,9.0,13.6
2018,Norte,82.5,,12.7,
2018,Norte,98.3,96.5,1.5,3.1
2018,Norte,98.3,96.6,1.5,3.1
2018,Norte,96.2,94.2,3.3,2.6
2018,Norte,87.2,79.5,9.8,9.2
2018,Norte,89.1,79.1,8.7,9.5
2018,Norte,82.9,82.7,12.2,6.5
2018,Rondônia,91.7,85.0,6.9,8.4
2018,Rondônia,92.4,84.7,6.4,8.7
2018,Rondônia,88.6,87.3,9.1,5.5
2018,Rondônia,,91.2,,8.1
2018,Rondônia,,91.1,,8.4
2018,Rondônia,,91.5,,7.3
2018,Rondônia,90.4,83.8,7.5,8.7
2018,Rondônia,90.9,83.7,7.1,8.9
2018,Rondônia,84.3,84.6,11.5,5.0
2018,Rondônia,91.6,,7.4,
2018,Rondônia,92.7,,6.7,
2018,Rondônia,89.2,,8.9,
2018,Rondônia,98.3,94.0,1.7,5.3
2018,Rondônia,98.2,94.3,1.7,5.5
2018,Rondônia,98.7,92.7,1.1,4.8
2018,Rondônia,91.0,84.3,7.5,8.7
2018,Rondônia,91.8,84.2,6.9,8.9
2018,Rondônia,88.3,86.4,9.4,5.6
2018,Acre,91.7,85.5,6.1,8.2
2018,Acre,94.5,84.7,4.6,9.4
2018,Acre,86.0,88.7,9.0,3.4
2018,Acre,89.9,85.9,10.1,9.4
2018,Acre,89.9,85.9,10.1,9.4
2018,Acre,92.7,84.9,5.0,8.4
2018,Acre,94.7,83.9,4.3,9.8
2018,Acre,87.5,88.7,7.1,3.4
2018,Acre,89.2,,8.3,
2018,Acre,93.1,,6.1,
2018,Acre,84.7,,10.8,
2018,Acre,99.3,97.3,0.7,2.7
2018,Acre,99.3,97.3,0.7,2.7
2018,Acre,91.3,85.0,6.3,8.4
2018,Acre,94.2,84.0,4.9,9.7
2018,Acre,86.0,88.7,9.0,3.4
2018,Amazonas,90.3,82.3,6.9,7.2
2018,Amazonas,92.1,81.9,6.0,7.4
2018,Amazonas,85.2,84.8,9.3,5.8
2018,Amazonas,97.3,87.0,2.7,11.0
2018,Amazonas,97.3,86.9,2.7,11.0
2018,Amazonas,,88.6,,11.4
2018,Amazonas,92.0,81.7,5.6,7.2
2018,Amazonas,92.2,81.1,5.5,7.5
2018,Amazonas,88.4,84.7,6.9,5.7
2018,Amazonas,88.5,,8.2,
2018,Amazonas,90.8,,7.3,
2018,Amazonas,84.9,,9.6,
2018,Amazonas,98.3,95.6,1.5,4.1
2018,Amazonas,98.3,95.6,1.5,4.2
2018,Amazonas,98.9,100.0,1.1,0.0
2018,Amazonas,89.7,81.9,7.3,7.3
2018,Amazonas,91.4,81.3,6.5,7.6
2018,Amazonas,85.2,84.7,9.4,5.8
2018,Roraima,91.0,83.2,7.0,9.0
2018,Roraima,91.9,83.2,6.8,10.0
2018,Roraima,88.6,83.3,7.7,5.0
2018,Roraima,96.9,93.5,3.1,5.2
2018,Roraima,96.9,93.2,3.1,5.4
2018,Roraima,,94.2,,4.8
2018,Roraima,88.5,81.4,8.2,9.6
2018,Roraima,88.6,81.4,8.9,10.8
2018,Roraima,88.2,81.7,7.1,5.1
2018,Roraima,92.5,,6.6,
2018,Roraima,93.4,,6.0,
2018,Roraima,89.4,,8.7,
2018,Roraima,97.8,96.1,2.2,3.8
2018,Roraima,97.8,96.0,2.2,3.8
2018,Roraima,,100.0,,0.0
2018,Roraima,90.4,82.4,7.5,9.3
2018,Roraima,91.2,82.2,7.4,10.4
2018,Roraima,88.6,83.2,7.7,5.1
2018,Pará,85.2,77.9,11.2,9.3
2018,Pará,87.7,77.8,9.6,9.4
2018,Pará,80.6,78.8,14.3,7.1
2018,Pará,93.2,85.4,6.6,11.0
2018,Pará,93.2,85.7,6.6,10.5
2018,Pará,,81.3,,17.5
2018,Pará,84.4,76.0,10.9,9.9
2018,Pará,84.3,75.8,11.1,10.1
2018,Pará,85.1,78.4,8.7,7.1
2018,Pará,83.9,83.9,12.3,13.6
2018,Pará,86.5,83.9,10.8,13.6
2018,Pará,80.4,,14.4,
2018,Pará,98.2,97.1,1.6,2.4
2018,Pará,98.3,97.2,1.5,2.4
2018,Pará,92.8,94.2,7.0,1.1
2018,Pará,84.0,76.1,12.1,9.9
2018,Pará,86.0,75.9,10.8,10.1
2018,Pará,80.6,78.4,14.3,7.2
2018,Amapá,87.2,75.6,10.4,14.0
2018,Amapá,88.2,75.8,9.7,14.3
2018,Amapá,83.1,73.5,13.3,11.8
2018,Amapá,,85.6,,13.7
2018,Amapá,,85.6,,13.7
2018,Amapá,83.9,73.1,12.8,15.1
2018,Amapá,84.6,73.1,12.4,15.5
2018,Amapá,81.9,72.8,13.9,12.2
2018,Amapá,89.1,,9.4,
2018,Amapá,89.8,,8.8,
2018,Amapá,85.7,,12.3,
2018,Amapá,99.1,97.5,0.7,1.9
2018,Amapá,99.4,98.2,0.6,1.7
2018,Amapá,79.7,89.0,9.4,3.3
2018,Amapá,86.0,73.7,11.4,15.0
2018,Amapá,86.8,73.8,10.8,15.4
2018,Amapá,83.1,72.8,13.4,12.2
2018,Tocantins,91.5,85.8,7.4,9.3
2018,Tocantins,91.8,85.9,7.2,9.3
2018,Tocantins,89.1,85.0,8.7,9.4
2018,Tocantins,,82.7,,13.5
2018,Tocantins,,81.8,,13.2
2018,Tocantins,,85.4,,14.2
2018,Tocantins,87.8,85.4,10.1,9.3
2018,Tocantins,88.1,85.5,10.1,9.3
2018,Tocantins,85.0,84.0,10.2,9.0
2018,Tocantins,92.8,,6.7,
2018,Tocantins,93.3,,6.3,
2018,Tocantins,90.4,,8.4,
2018,Tocantins,98.3,94.6,1.7,5.2
2018,Tocantins,98.2,94.3,1.7,5.5
2018,Tocantins,99.4,99.1,0.6,0.9
2018,Tocantins,90.8,85.2,8.0,9.5
2018,Tocantins,91.2,85.3,7.8,9.5
2018,Tocantins,88.9,84.3,8.9,9.9
2018,Nordeste,88.9,83.2,8.9,10.1
2018,Nordeste,89.3,83.1,8.6,10.2
2018,Nordeste,87.6,83.6,9.8,8.7
2018,Nordeste,96.0,84.0,4.0,13.3
2018,Nordeste,96.2,83.5,3.8,13.8
2018,Nordeste,92.9,87.5,7.1,9.8
2018,Nordeste,82.3,81.8,14.1,10.7
2018,Nordeste,82.3,81.7,14.2,10.9
2018,Nordeste,82.8,83.1,12.9,8.9
2018,Nordeste,87.5,75.4,9.9,7.7
2018,Nordeste,87.4,70.5,10.0,8.6
2018,Nordeste,87.7,81.1,9.8,6.6
2018,Nordeste,97.6,95.4,2.2,4.0
2018,Nordeste,97.6,95.5,2.1,4.0
2018,Nordeste,95.9,91.4,3.4,3.5
2018,Nordeste,86.9,81.8,10.4,10.8
2018,Nordeste,86.7,81.7,10.6,11.0
2018,Nordeste,87.5,83.3,9.9,8.9
2018,Maranhão,90.0,84.6,7.7,8.7
2018,Maranhão,90.4,84.9,7.5,8.7
2018,Maranhão,89.2,83.1,8.1,8.5
2018,Maranhão,92.1,88.4,7.7,9.7
2018,Maranhão,91.8,88.1,7.9,9.9
2018,Maranhão,92.9,89.4,7.1,9.1
2018,Maranhão,87.9,83.9,8.6,9.0
2018,Maranhão,91.9,84.2,6.7,9.0
2018,Maranhão,80.8,82.7,11.8,8.7
2018,Maranhão,89.1,71.8,8.4,2.4
2018,Maranhão,88.9,69.8,8.7,1.4
2018,Maranhão,89.3,75.5,8.1,4.3
2018,Maranhão,98.0,94.7,1.7,3.4
2018,Maranhão,98.1,95.6,1.8,3.4
2018,Maranhão,97.8,86.2,1.4,3.3
2018,Maranhão,89.0,84.0,8.4,9.0
2018,Maranhão,89.0,84.2,8.6,9.0
2018,Maranhão,89.1,83.0,8.2,8.7
2018,Piauí,88.7,82.2,9.5,8.8
2018,Piauí,89.2,82.6,9.1,8.8
2018,Piauí,87.2,76.2,10.6,9.1
2018,Piauí,,80.4,,16.7
2018,Piauí,,80.6,,16.5
2018,Piauí,,78.0,,18.5
2018,Piauí,81.8,80.7,13.5,8.9
2018,Piauí,81.8,81.1,13.5,8.9
2018,Piauí,76.4,75.9,15.7,8.6
2018,Piauí,87.8,80.6,10.3,11.2
2018,Piauí,88.2,80.6,10.2,11.2
2018,Piauí,87.2,,10.6,
2018,Piauí,97.0,94.7,2.9,4.9
2018,Piauí,97.0,94.7,2.9,4.9
2018,Piauí,98.9,98.2,1.1,1.8
2018,Piauí,87.3,80.7,10.6,9.3
2018,Piauí,87.3,81.0,10.6,9.3
2018,Piauí,87.2,76.0,10.6,9.2
2018,Ceará,95.4,90.5,3.7,4.9
2018,Ceará,95.4,90.5,3.7,4.9
2018,Ceará,95.6,91.2,3.6,4.3
2018,Ceará,97.1,82.0,2.9,16.0
2018,Ceará,97.1,81.4,2.9,16.7
2018,Ceará,,87.4,,8.8
2018,Ceará,89.1,90.0,7.3,4.9
2018,Ceará,88.7,90.0,7.7,4.9
2018,Ceará,91.6,91.2,5.0,4.2
2018,Ceará,94.9,,4.1,
2018,Ceará,94.6,,4.4,
2018,Ceará,95.7,,3.5,
2018,Ceará,98.1,96.5,1.7,3.2
2018,Ceará,98.1,96.5,1.7,3.2
2018,Ceará,99.6,98.9,0.4,0.0
2018,Ceará,94.8,89.9,4.2,5.0
2018,Ceará,94.5,89.9,4.5,5.1
2018,Ceará,95.6,91.2,3.6,4.3
2018,Rio Grande do Norte,85.5,75.7,11.9,15.7
2018,Rio Grande do Norte,85.8,75.5,11.7,15.9
2018,Rio Grande do Norte,83.9,80.1,12.9,10.0
2018,Rio Grande do Norte,100.0,86.4,0.0,11.6
2018,Rio Grande do Norte,100.0,86.0,0.0,12.0
2018,Rio Grande do Norte,,89.6,,8.4
2018,Rio Grande do Norte,79.6,71.4,16.9,17.7
2018,Rio Grande do Norte,79.5,71.3,17.0,17.9
2018,Rio Grande do Norte,81.2,75.2,15.7,10.9
2018,Rio Grande do Norte,83.2,,13.6,
2018,Rio Grande do Norte,82.9,,13.9,
2018,Rio Grande do Norte,84.0,,12.9,
2018,Rio Grande do Norte,97.2,93.4,2.6,6.2
2018,Rio Grande do Norte,97.2,93.4,2.6,6.2
2018,Rio Grande do Norte,96.5,100.0,3.1,0.0
2018,Rio Grande do Norte,82.3,73.1,14.5,17.0
2018,Rio Grande do Norte,81.8,72.8,14.9,17.3
2018,Rio Grande do Norte,83.8,80.0,13.0,10.0
2018,Paraíba,87.2,80.2,9.8,10.3
2018,Paraíba,87.3,80.2,9.6,10.3
2018,Paraíba,86.7,82.1,10.6,8.5
2018,Paraíba,99.3,90.7,0.7,7.4
2018,Paraíba,99.3,90.7,0.7,7.5
2018,Paraíba,,89.3,,4.7
2018,Paraíba,80.7,77.1,14.2,11.6
2018,Paraíba,80.7,77.0,14.1,11.7
2018,Paraíba,80.0,81.8,15.1,8.6
2018,Paraíba,85.6,62.9,11.1,10.2
2018,Paraíba,85.1,62.9,11.4,10.2
2018,Paraíba,87.3,,10.2,
2018,Paraíba,97.5,95.5,2.1,3.7
2018,Paraíba,97.5,95.5,2.0,3.7
2018,Paraíba,95.5,,3.6,
2018,Paraíba,84.5,77.7,11.8,11.4
2018,Paraíba,83.9,77.6,12.1,11.5
2018,Paraíba,86.6,82.1,10.6,8.5
2018,Pernambuco,91.9,93.9,6.8,4.9
2018,Pernambuco,92.4,94.1,6.3,4.8
2018,Pernambuco,89.8,89.8,8.6,6.8
2018,Pernambuco,97.9,78.3,2.1,18.3
2018,Pernambuco,97.9,76.7,2.1,19.9
2018,Pernambuco,,83.8,,12.6
2018,Pernambuco,93.5,94.0,5.7,4.8
2018,Pernambuco,94.5,94.3,4.9,4.7
2018,Pernambuco,86.5,90.4,11.2,6.3
2018,Pernambuco,89.5,83.7,8.7,4.1
2018,Pernambuco,89.4,87.5,8.8,0.0
2018,Pernambuco,90.1,83.2,8.4,4.6
2018,Pernambuco,97.6,95.9,2.1,3.5
2018,Pernambuco,97.7,95.9,2.1,3.5
2018,Pernambuco,93.5,98.7,5.9,0.9
2018,Pernambuco,90.2,93.6,8.2,5.1
2018,Pernambuco,90.3,93.9,8.1,5.0
2018,Pernambuco,89.8,89.7,8.7,6.8
2018,Alagoas,89.4,83.2,7.7,8.6
2018,Alagoas,89.3,83.1,7.6,8.7
2018,Alagoas,89.8,85.9,8.0,6.3
2018,Alagoas,,80.5,,15.8
2018,Alagoas,,80.5,,15.8
2018,Alagoas,86.3,81.2,9.0,9.0
2018,Alagoas,86.1,80.9,9.1,9.2
2018,Alagoas,90.9,85.9,6.6,6.3
2018,Alagoas,87.9,,8.9,
2018,Alagoas,87.0,,9.3,
2018,Alagoas,89.8,,8.1,
2018,Alagoas,97.8,96.0,1.9,3.6
2018,Alagoas,97.8,96.0,1.8,3.6
2018,Alagoas,97.1,92.3,2.3,7.7
2018,Alagoas,87.7,81.2,8.9,9.4
2018,Alagoas,86.9,80.9,9.3,9.6
2018,Alagoas,89.8,85.9,8.0,6.3
2018,Sergipe,83.7,80.6,13.8,10.9
2018,Sergipe,84.6,80.7,13.0,10.9
2018,Sergipe,80.7,79.3,16.3,9.8
2018,Sergipe,89.7,84.4,10.3,10.1
2018,Sergipe,89.7,85.9,10.3,9.2
2018,Sergipe,,81.9,,11.6
2018,Sergipe,79.7,77.5,17.2,12.2
2018,Sergipe,79.5,77.5,17.3,12.3
2018,Sergipe,83.9,78.7,14.1,9.4
2018,Sergipe,79.8,,17.0,
2018,Sergipe,79.4,,17.2,
2018,Sergipe,80.4,,16.6,
2018,Sergipe,97.0,94.5,2.8,5.0
2018,Sergipe,97.0,94.5,2.8,5.0
2018,Sergipe,96.2,,3.6,
2018,Sergipe,79.8,77.7,17.0,12.1
2018,Sergipe,79.4,77.6,17.3,12.3
2018,Sergipe,80.5,79.3,16.5,9.8
2018,Bahia,84.3,74.4,12.4,16.6
2018,Bahia,84.8,74.1,12.0,16.9
2018,Bahia,82.8,79.0,13.4,12.6
2018,Bahia,96.6,82.9,3.4,14.2
2018,Bahia,96.6,81.7,3.4,15.2
2018,Bahia,,91.8,,6.8
2018,Bahia,72.4,72.1,22.7,18.0
2018,Bahia,72.3,71.9,22.8,18.2
2018,Bahia,74.1,76.3,20.4,14.4
2018,Bahia,82.8,77.7,13.4,9.6
2018,Bahia,82.8,71.3,13.4,12.5
2018,Bahia,82.9,82.3,13.4,7.5
2018,Bahia,97.4,95.2,2.3,4.1
2018,Bahia,97.4,95.3,2.3,4.1
2018,Bahia,93.8,93.2,5.4,4.0
2018,Bahia,81.8,72.4,14.3,17.8
2018,Bahia,81.4,72.1,14.7,18.1
2018,Bahia,82.8,77.6,13.5,13.5
2018,Sudeste,94.2,85.3,5.0,10.1
2018,Sudeste,94.3,85.2,4.9,10.2
2018,Sudeste,92.4,89.6,6.8,7.2
2018,Sudeste,94.0,89.2,5.7,9.7
2018,Sudeste,94.0,89.2,5.7,9.6
2018,Sudeste,,89.0,,9.8
2018,Sudeste,93.0,83.3,5.6,11.3
2018,Sudeste,93.0,83.1,5.6,11.4
2018,Sudeste,92.8,89.3,5.9,7.0
2018,Sudeste,93.5,90.9,5.8,7.2
2018,Sudeste,93.6,91.0,5.7,7.2
2018,Sudeste,92.2,88.7,7.1,7.7
2018,Sudeste,98.0,96.1,1.9,3.7
2018,Sudeste,98.0,96.1,1.9,3.7
2018,Sudeste,96.3,94.0,3.5,4.6
2018,Sudeste,93.3,83.5,5.7,11.2
2018,Sudeste,93.3,83.3,5.6,11.3
2018,Sudeste,92.3,89.3,6.9,7.4
2018,Minas Gerais,93.2,80.0,5.7,12.2
2018,Minas Gerais,93.0,79.8,5.9,12.4
2018,Minas Gerais,94.9,87.5,4.2,7.5
2018,Minas Gerais,96.6,89.8,3.3,9.1
2018,Minas Gerais,96.6,89.7,3.3,9.2
2018,Minas Gerais,,90.3,,8.6
2018,Minas Gerais,90.1,78.0,7.9,13.2
2018,Minas Gerais,90.1,77.8,8.0,13.3
2018,Minas Gerais,92.5,86.2,5.7,7.3
2018,Minas Gerais,94.7,89.9,4.8,7.7
2018,Minas Gerais,94.6,90.2,4.9,7.4
2018,Minas Gerais,95.6,82.2,3.8,14.8
2018,Minas Gerais,98.1,95.2,1.9,4.5
2018,Minas Gerais,98.1,95.3,1.9,4.5
2018,Minas Gerais,94.3,92.4,4.4,4.5
2018,Minas Gerais,92.5,78.5,6.3,13.0
2018,Minas Gerais,92.3,78.2,6.5,13.2
2018,Minas Gerais,94.9,87.1,4.2,7.7
2018,Espírito Santo,90.7,85.1,8.6,12.1
2018,Espírito Santo,90.6,84.9,8.7,12.2
2018,Espírito Santo,91.4,89.6,8.0,8.9
2018,Espírito Santo,,88.4,,10.2
2018,Espírito Santo,,88.6,,9.9
2018,Espírito Santo,,87.3,,11.5
2018,Espírito Santo,88.1,83.1,10.8,13.6
2018,Espírito Santo,87.7,83.0,11.1,13.7
2018,Espírito Santo,92.1,89.0,7.6,9.3
2018,Espírito Santo,90.0,91.7,9.3,5.6
2018,Espírito Santo,89.8,,9.5,
2018,Espírito Santo,91.2,91.7,8.1,5.6
2018,Espírito Santo,98.3,96.0,1.6,3.8
2018,Espírito Santo,98.4,96.2,1.6,3.7
2018,Espírito Santo,92.2,93.8,6.3,4.8
2018,Espírito Santo,89.6,83.6,9.7,13.3
2018,Espírito Santo,89.3,83.4,9.9,13.4
2018,Espírito Santo,91.4,88.3,8.1,10.2
2018,Rio de Janeiro,89.3,81.6,9.4,14.1
2018,Rio de Janeiro,89.6,81.5,9.1,14.2
2018,Rio de Janeiro,84.4,85.5,14.3,11.0
2018,Rio de Janeiro,93.1,86.6,6.6,12.0
2018,Rio de Janeiro,93.1,86.8,6.6,11.9
2018,Rio de Janeiro,,83.7,,15.2
2018,Rio de Janeiro,79.0,78.0,18.6,16.6
2018,Rio de Janeiro,78.9,77.8,18.7,16.7
2018,Rio de Janeiro,79.5,85.1,18.2,11.1
2018,Rio de Janeiro,87.3,83.6,11.0,10.9
2018,Rio de Janeiro,87.6,83.6,10.7,10.9
2018,Rio de Janeiro,84.1,,14.6,
2018,Rio de Janeiro,96.4,93.8,3.4,5.8
2018,Rio de Janeiro,96.4,93.7,3.4,5.8
2018,Rio de Janeiro,95.1,94.9,4.7,4.7
2018,Rio de Janeiro,86.4,78.5,11.9,16.3
2018,Rio de Janeiro,86.6,78.2,11.6,16.5
2018,Rio de Janeiro,83.7,85.0,14.9,11.3
2018,São Paulo,96.8,89.3,2.7,7.5
2018,São Paulo,96.8,89.2,2.7,7.5
2018,São Paulo,97.2,94.7,2.5,3.9
2018,São Paulo,99.2,94.4,0.4,5.2
2018,São Paulo,99.2,94.4,0.4,5.2
2018,São Paulo,95.9,87.7,3.0,8.5
2018,São Paulo,95.8,87.6,3.0,8.5
2018,São Paulo,97.4,94.6,2.0,3.9
2018,São Paulo,96.6,92.5,3.1,6.5
2018,São Paulo,96.6,92.4,3.1,6.5
2018,São Paulo,97.1,94.9,2.8,0.6
2018,São Paulo,98.9,97.5,1.1,2.5
2018,São Paulo,98.9,97.5,1.1,2.5
2018,São Paulo,98.2,95.5,1.8,4.5
2018,São Paulo,96.3,87.8,3.0,8.4
2018,São Paulo,96.2,87.7,3.1,8.5
2018,São Paulo,97.2,94.6,2.6,3.9
2018,Sul,90.8,79.2,8.4,14.3
2018,Sul,90.8,79.0,8.4,14.5
2018,Sul,91.1,84.0,8.0,11.1
2018,Sul,94.5,89.5,5.5,9.1
2018,Sul,94.5,89.3,5.5,9.2
2018,Sul,,90.7,,8.7
2018,Sul,86.2,76.5,12.4,16.0
2018,Sul,86.1,76.3,12.6,16.2
2018,Sul,88.3,82.8,10.2,11.7
2018,Sul,92.2,71.1,7.3,20.7
2018,Sul,92.2,69.8,7.3,22.1
2018,Sul,92.5,83.2,6.9,8.3
2018,Sul,98.3,96.2,1.7,3.6
2018,Sul,98.3,96.3,1.7,3.5
2018,Sul,96.0,94.0,4.0,4.9
2018,Sul,89.7,77.0,9.5,15.8
2018,Sul,89.5,76.7,9.6,16.0
2018,Sul,91.1,83.7,8.0,11.3
2018,Paraná,92.0,82.4,7.2,11.3
2018,Paraná,92.0,82.2,7.2,11.4
2018,Paraná,92.5,86.8,6.8,8.2
2018,Paraná,97.9,91.9,2.1,6.7
2018,Paraná,97.9,91.7,2.1,6.8
2018,Paraná,,96.1,,3.3
2018,Paraná,86.6,79.9,11.5,12.7
2018,Paraná,86.4,79.5,11.7,13.0
2018,Paraná,90.0,86.3,8.3,8.4
2018,Paraná,94.6,,5.3,
2018,Paraná,94.7,,5.2,
2018,Paraná,94.2,,5.8,
2018,Paraná,98.4,97.1,1.6,2.7
2018,Paraná,98.4,97.1,1.6,2.7
2018,Paraná,98.8,97.0,1.2,2.6
2018,Paraná,91.0,80.1,8.1,12.6
2018,Paraná,90.9,79.8,8.2,12.8
2018,Paraná,92.4,86.5,6.8,8.3
2018,Santa Catarina,93.0,83.1,6.5,11.6
2018,Santa Catarina,93.0,82.9,6.6,11.7
2018,Santa Catarina,94.1,88.0,5.5,8.9
2018,Santa Catarina,93.5,91.7,6.5,7.1
2018,Santa Catarina,93.5,91.9,6.5,6.9
2018,Santa Catarina,,89.9,,9.3
2018,Santa Catarina,88.9,80.6,10.4,13.0
2018,Santa Catarina,88.8,80.4,10.5,13.2
2018,Santa Catarina,90.2,87.2,9.0,9.1
2018,Santa Catarina,94.4,92.1,5.3,6.9
2018,Santa Catarina,94.2,92.2,5.4,7.1
2018,Santa Catarina,95.8,92.0,4.0,6.4
2018,Santa Catarina,98.8,96.4,1.1,3.4
2018,Santa Catarina,98.8,96.5,1.1,3.3
2018,Santa Catarina,98.4,93.9,1.6,5.8
2018,Santa Catarina,92.2,81.2,7.3,12.7
2018,Santa Catarina,92.0,81.0,7.5,12.8
2018,Santa Catarina,94.1,87.7,5.5,9.1
2018,Rio Grande do Sul,88.0,72.5,11.1,20.1
2018,Rio Grande do Sul,87.9,72.3,11.2,20.3
2018,Rio Grande do Sul,88.7,78.4,10.1,16.0
2018,Rio Grande do Sul,93.7,86.3,6.3,12.2
2018,Rio Grande do Sul,93.7,85.2,6.3,13.0
2018,Rio Grande do Sul,,90.3,,9.1
2018,Rio Grande do Sul,84.2,69.4,14.7,22.2
2018,Rio Grande do Sul,84.1,69.2,14.9,22.3
2018,Rio Grande do Sul,85.8,73.9,12.4,19.0
2018,Rio Grande do Sul,88.2,67.8,10.7,22.9
2018,Rio Grande do Sul,88.0,66.7,11.0,24.2
2018,Rio Grande do Sul,89.8,80.1,9.1,9.0
2018,Rio Grande do Sul,97.9,94.5,2.1,5.1
2018,Rio Grande do Sul,97.9,94.6,2.0,5.1
2018,Rio Grande do Sul,91.9,91.9,7.9,6.0
2018,Rio Grande do Sul,86.5,70.1,12.4,21.7
2018,Rio Grande do Sul,86.3,69.8,12.7,22.0
2018,Rio Grande do Sul,88.6,77.8,10.1,16.5
2018,Centro-Oeste,94.4,85.0,4.8,9.8
2018,Centro-Oeste,94.6,85.2,4.7,9.8
2018,Centro-Oeste,92.3,81.8,6.2,11.1
2018,Centro-Oeste,96.4,89.5,3.5,8.7
2018,Centro-Oeste,96.4,90.1,3.5,8.2
2018,Centro-Oeste,,87.3,,10.8
2018,Centro-Oeste,93.5,82.9,5.2,10.9
2018,Centro-Oeste,93.5,83.1,5.3,10.9
2018,Centro-Oeste,94.3,80.0,4.5,11.6
2018,Centro-Oeste,93.5,89.3,5.8,5.7
2018,Centro-Oeste,93.8,88.2,5.6,6.7
2018,Centro-Oeste,91.2,91.8,7.2,3.4
2018,Centro-Oeste,98.6,96.1,1.3,3.6
2018,Centro-Oeste,98.6,96.1,1.3,3.5
2018,Centro-Oeste,97.7,95.2,2.3,4.4
2018,Centro-Oeste,93.5,83.2,5.5,10.8
2018,Centro-Oeste,93.7,83.4,5.4,10.8
2018,Centro-Oeste,92.2,81.2,6.3,11.4
2018,Mato Grosso do Sul,89.3,80.6,9.4,12.0
2018,Mato Grosso do Sul,89.8,80.6,9.0,12.1
2018,Mato Grosso do Sul,84.6,80.4,12.7,9.7
2018,Mato Grosso do Sul,93.6,90.6,6.4,5.3
2018,Mato Grosso do Sul,93.6,91.2,6.4,5.0
2018,Mato Grosso do Sul,,87.8,,6.8
2018,Mato Grosso do Sul,87.4,78.3,10.2,13.3
2018,Mato Grosso do Sul,87.5,78.4,10.2,13.4
2018,Mato Grosso do Sul,86.3,78.1,10.9,10.7
2018,Mato Grosso do Sul,88.5,94.4,10.5,4.0
2018,Mato Grosso do Sul,89.4,,10.0,
2018,Mato Grosso do Sul,84.1,94.4,13.2,4.0
2018,Mato Grosso do Sul,98.5,96.8,1.5,3.0
2018,Mato Grosso do Sul,98.5,96.8,1.5,3.1
2018,Mato Grosso do Sul,97.0,96.7,3.0,2.2
2018,Mato Grosso do Sul,88.1,78.9,10.4,12.9
2018,Mato Grosso do Sul,88.6,78.9,10.1,13.1
2018,Mato Grosso do Sul,84.5,79.4,12.8,10.2
2018,Mato Grosso,97.2,75.8,2.2,14.8
2018,Mato Grosso,97.2,75.5,2.3,15.0
2018,Mato Grosso,96.8,78.0,2.1,13.5
2018,Mato Grosso,,90.3,,8.3
2018,Mato Grosso,,90.9,,7.6
2018,Mato Grosso,,88.0,,10.6
2018,Mato Grosso,97.3,73.2,1.8,16.2
2018,Mato Grosso,97.2,72.6,1.9,16.6
2018,Mato Grosso,97.9,77.0,0.9,13.8
2018,Mato Grosso,96.7,,2.9,
2018,Mato Grosso,96.8,,2.9,
2018,Mato Grosso,96.1,,2.8,
2018,Mato Grosso,98.7,97.0,1.2,2.8
2018,Mato Grosso,98.7,97.0,1.2,2.7
2018,Mato Grosso,100.0,73.3,0.0,26.7
2018,Mato Grosso,97.0,74.2,2.4,15.8
2018,Mato Grosso,97.0,73.6,2.4,16.1
2018,Mato Grosso,96.8,78.0,2.1,13.5
2018,Goiás,95.3,91.8,3.9,5.7
2018,Goiás,95.4,91.7,3.9,5.7
2018,Goiás,93.4,92.7,5.6,5.5
2018,Goiás,94.8,89.4,5.0,9.8
2018,Goiás,94.8,89.5,5.0,9.7
2018,Goiás,,89.0,,9.9
2018,Goiás,94.7,91.2,4.1,5.9
2018,Goiás,94.7,91.1,4.1,6.0
2018,Goiás,94.9,94.4,3.9,3.1
2018,Goiás,94.5,88.3,4.8,6.1
2018,Goiás,94.6,88.2,4.7,6.7
2018,Goiás,93.0,88.7,6.1,2.8
2018,Goiás,98.6,95.9,1.3,3.7
2018,Goiás,98.6,95.9,1.3,3.7
2018,Goiás,98.5,96.9,1.5,2.9
2018,Goiás,94.6,91.1,4.5,6.0
2018,Goiás,94.6,91.1,4.5,6.1
2018,Goiás,93.3,92.1,5.7,5.9
2018,Distrito Federal,94.3,86.2,5.0,10.2
2018,Distrito Federal,94.3,86.2,4.9,10.2
2018,Distrito Federal,92.9,86.8,6.5,11.1
2018,Distrito Federal,99.3,86.0,0.7,12.5
2018,Distrito Federal,99.3,88.0,0.7,10.8
2018,Distrito Federal,,75.5,,21.5
2018,Distrito Federal,92.7,83.1,6.3,12.3
2018,Distrito Federal,92.6,82.9,6.3,12.4
2018,Distrito Federal,92.7,88.9,6.6,8.8
2018,Distrito Federal,98.7,95.9,1.3,3.9
2018,Distrito Federal,98.7,95.9,1.3,3.8
2018,Distrito Federal,96.8,90.3,3.2,9.7
2018,Distrito Federal,92.7,83.2,6.3,12.3
2018,Distrito Federal,92.7,83.1,6.3,12.3
2018,Distrito Federal,92.7,86.4,6.6,11.2
Fonte: Censo da Educação Básica 2018/INEP.,,,,,
2019,Brasil,92.8,86.1,6.0,9.1
2019,Brasil,93.4,86.1,5.6,9.2
2019,Brasil,89.1,85.8,8.6,7.5
2019,Brasil,95.2,88.5,4.5,9.8
2019,Brasil,95.2,88.4,4.6,9.9
2019,Brasil,97.7,89.6,2.3,9.1
2019,Brasil,91.8,84.5,6.9,10.0
2019,Brasil,91.9,84.5,6.8,10.1
2019,Brasil,89.7,85.1,7.9,7.6
2019,Brasil,91.7,88.7,7.0,7.4
2019,Brasil,92.4,88.9,6.5,7.6
2019,Brasil,88.9,86.7,8.8,5.2
2019,Brasil,98.2,96.4,1.7,3.4
2019,Brasil,98.2,96.4,1.7,3.4
2019,Brasil,96.6,94.4,3.0,3.2
2019,Brasil,91.7,84.7,6.9,10.0
2019,Brasil,92.3,84.6,6.6,10.1
2019,Brasil,89.0,85.5,8.7,7.7
2019,Norte,89.4,81.5,8.3,9.5
2019,Norte,91.4,81.5,7.1,9.8
2019,Norte,84.1,81.7,11.5,7.1
2019,Norte,94.5,89.6,5.4,8.7
2019,Norte,94.5,89.4,5.4,8.8
2019,Norte,,90.7,,8.2
2019,Norte,90.0,80.2,7.6,10.0
2019,Norte,90.5,80.0,7.4,10.4
2019,Norte,86.4,81.2,8.7,7.1
2019,Norte,87.9,60.0,9.4,35.8
2019,Norte,90.4,60.0,8.0,35.8
2019,Norte,83.7,,11.9,
2019,Norte,98.3,96.5,1.5,3.1
2019,Norte,98.4,96.6,1.5,3.1
2019,Norte,94.3,92.5,4.8,3.1
2019,Norte,88.5,80.5,8.9,9.9
2019,Norte,90.5,80.3,7.8,10.3
2019,Norte,84.1,81.5,11.5,7.1
2019,Nordeste,90.8,86.3,7.5,8.5
2019,Nordeste,91.3,86.3,7.2,8.6
2019,Nordeste,89.5,86.6,8.4,7.2
2019,Nordeste,97.0,86.1,2.8,11.4
2019,Nordeste,97.0,85.8,2.9,11.7
2019,Nordeste,97.7,88.3,2.3,9.5
2019,Nordeste,85.0,85.3,12.4,8.9
2019,Nordeste,85.1,85.2,12.3,9.1
2019,Nordeste,83.7,86.2,12.8,7.2
2019,Nordeste,89.8,82.2,8.3,6.2
2019,Nordeste,89.8,79.5,8.2,7.4
2019,Nordeste,89.6,84.9,8.3,5.0
2019,Nordeste,97.8,95.6,2.0,3.9
2019,Nordeste,97.8,95.6,2.0,3.9
2019,Nordeste,96.9,93.2,2.8,3.2
2019,Nordeste,89.3,85.3,8.7,9.0
2019,Nordeste,89.2,85.2,8.8,9.2
2019,Nordeste,89.5,86.4,8.5,7.3
2019,Sudeste,95.1,88.1,4.3,8.5
2019,Sudeste,95.2,88.0,4.2,8.5
2019,Sudeste,93.4,91.8,6.0,5.8
2019,Sudeste,94.9,89.9,4.7,8.9
2019,Sudeste,94.9,89.8,4.7,9.0
2019,Sudeste,,90.8,,8.4
2019,Sudeste,94.3,86.4,4.7,9.5
2019,Sudeste,94.3,86.3,4.7,9.5
2019,Sudeste,94.0,91.6,5.0,5.7
2019,Sudeste,94.4,91.8,5.0,6.4
2019,Sudeste,94.5,91.7,5.0,6.4
2019,Sudeste,93.1,93.9,6.4,4.6
2019,Sudeste,98.3,96.6,1.7,3.3
2019,Sudeste,98.3,96.6,1.7,3.3
2019,Sudeste,96.7,95.6,3.0,3.3
2019,Sudeste,94.4,86.6,4.9,9.4
2019,Sudeste,94.4,86.5,4.9,9.5
2019,Sudeste,93.3,91.5,6.1,6.1
2019,Sul,92.4,84.0,7.0,11.7
2019,Sul,92.4,83.8,7.0,11.8
2019,Sul,92.5,87.8,6.8,8.7
2019,Sul,94.9,89.1,5.1,9.5
2019,Sul,94.9,89.0,5.1,9.6
2019,Sul,,90.1,,8.9
2019,Sul,89.1,81.8,9.9,13.1
2019,Sul,89.0,81.6,10.1,13.3
2019,Sul,91.2,87.3,7.8,8.9
2019,Sul,93.2,75.9,6.3,15.7
2019,Sul,93.3,74.5,6.2,16.9
2019,Sul,93.1,88.1,6.3,5.0
2019,Sul,98.5,96.6,1.5,3.1
2019,Sul,98.5,96.7,1.5,3.1
2019,Sul,97.8,95.6,2.2,2.9
2019,Sul,91.5,82.1,7.8,13.0
2019,Sul,91.4,81.8,7.9,13.1
2019,Sul,92.5,87.6,6.8,8.8
2019,Centro-Oeste,94.6,85.2,4.7,10.0
2019,Centro-Oeste,94.7,85.4,4.6,9.9
2019,Centro-Oeste,92.7,80.8,6.0,12.1
2019,Centro-Oeste,96.2,90.5,3.8,8.3
2019,Centro-Oeste,96.2,91.0,3.8,7.7
2019,Centro-Oeste,,88.9,,10.2
2019,Centro-Oeste,93.1,83.1,5.7,11.1
2019,Centro-Oeste,93.1,83.4,5.7,11.0
2019,Centro-Oeste,93.3,78.4,5.2,12.9
2019,Centro-Oeste,94.4,89.9,5.1,5.9
2019,Centro-Oeste,94.7,90.4,4.9,4.7
2019,Centro-Oeste,92.2,88.9,6.5,8.4
2019,Centro-Oeste,98.7,96.6,1.2,3.2
2019,Centro-Oeste,98.7,96.6,1.2,3.2
2019,Centro-Oeste,97.4,96.2,2.6,3.1
2019,Centro-Oeste,93.8,83.4,5.4,11.0
2019,Centro-Oeste,93.9,83.7,5.3,10.9
2019,Centro-Oeste,92.6,80.2,6.1,12.5
2019,Rondônia,93.0,86.4,5.9,8.0
2019,Rondônia,93.7,86.3,5.4,8.2
2019,Rondônia,89.2,87.8,8.7,4.9
2019,Rondônia,,92.9,,6.6
2019,Rondônia,,92.7,,7.0
2019,Rondônia,,93.8,,5.7
2019,Rondônia,92.9,85.3,5.4,8.3
2019,Rondônia,93.4,85.4,5.0,8.4
2019,Rondônia,83.0,80.8,11.4,5.1
2019,Rondônia,92.1,,7.1,
2019,Rondônia,92.9,,6.6,
2019,Rondônia,89.9,,8.5,
2019,Rondônia,97.8,94.1,2.1,5.2
2019,Rondônia,97.9,94.0,2.1,5.6
2019,Rondônia,97.6,94.4,2.3,3.3
2019,Rondônia,92.5,85.9,6.3,8.2
2019,Rondônia,93.2,85.9,5.7,8.3
2019,Rondônia,88.8,86.1,9.0,5.4
2019,Acre,92.7,82.8,5.2,10.8
2019,Acre,95.4,81.6,3.9,12.7
2019,Acre,87.3,87.6,7.9,3.5
2019,Acre,88.5,90.8,11.5,7.4
2019,Acre,88.5,90.8,11.5,7.4
2019,Acre,93.2,81.8,4.6,11.3
2019,Acre,95.2,80.1,3.9,13.6
2019,Acre,88.3,87.6,6.1,3.5
2019,Acre,90.9,,6.8,
2019,Acre,94.9,,4.5,
2019,Acre,86.4,,9.6,
2019,Acre,99.4,96.8,0.6,3.1
2019,Acre,99.4,96.8,0.6,3.1
2019,Acre,92.3,82.2,5.5,11.1
2019,Acre,95.1,80.7,4.1,13.3
2019,Acre,87.3,87.6,7.9,3.5
2019,Amazonas,91.7,82.9,5.9,6.9
2019,Amazonas,93.4,82.8,5.1,7.2
2019,Amazonas,86.6,83.5,8.3,5.7
2019,Amazonas,95.8,88.3,4.2,10.9
2019,Amazonas,95.8,88.3,4.2,10.8
2019,Amazonas,,87.7,,12.3
2019,Amazonas,92.7,82.3,5.3,6.9
2019,Amazonas,93.1,82.0,5.1,7.2
2019,Amazonas,86.6,83.4,7.7,5.6
2019,Amazonas,90.4,,6.7,
2019,Amazonas,92.7,,5.7,
2019,Amazonas,86.6,,8.3,
2019,Amazonas,98.5,96.0,1.4,3.8
2019,Amazonas,98.5,96.1,1.4,3.8
2019,Amazonas,98.3,89.1,1.7,10.9
2019,Amazonas,91.2,82.4,6.2,7.0
2019,Amazonas,92.9,82.2,5.5,7.3
2019,Amazonas,86.6,83.5,8.3,5.7
2019,Roraima,91.9,83.8,6.2,9.1
2019,Roraima,92.6,83.4,5.9,10.5
2019,Roraima,89.9,85.5,6.9,3.3
2019,Roraima,96.6,93.4,3.4,4.9
2019,Roraima,96.6,92.4,3.4,5.9
2019,Roraima,,96.0,,2.3
2019,Roraima,89.5,82.3,7.1,9.8
2019,Roraima,89.7,81.9,7.3,11.3
2019,Roraima,89.1,84.1,6.6,3.4
2019,Roraima,93.2,,6.0,
2019,Roraima,93.8,,5.6,
2019,Roraima,91.2,,7.4,
2019,Roraima,98.1,96.1,1.8,3.8
2019,Roraima,98.1,96.0,1.8,3.9
2019,Roraima,,100.0,,0.0
2019,Roraima,91.3,83.2,6.5,9.4
2019,Roraima,91.9,82.6,6.4,10.9
2019,Roraima,89.9,85.4,6.9,3.3
2019,Pará,86.5,78.6,10.6,11.3
2019,Pará,88.9,78.7,9.1,11.5
2019,Pará,81.7,77.8,13.7,8.9
2019,Pará,94.8,88.5,5.0,7.9
2019,Pará,94.8,88.7,5.0,7.6
2019,Pará,,82.5,,16.4
2019,Pará,85.5,76.8,11.4,12.1
2019,Pará,85.6,76.7,11.5,12.5
2019,Pará,84.9,77.6,10.1,9.0
2019,Pará,85.2,60.0,11.6,35.8
2019,Pará,87.9,60.0,9.9,35.8
2019,Pará,81.6,,13.8,
2019,Pará,98.2,97.0,1.6,2.5
2019,Pará,98.3,97.1,1.5,2.5
2019,Pará,89.1,91.6,10.4,2.6
2019,Pará,85.3,77.0,11.5,12.0
2019,Pará,87.4,76.9,10.3,12.4
2019,Pará,81.7,77.6,13.7,9.0
2019,Amapá,88.4,79.3,9.6,11.0
2019,Amapá,89.3,79.8,8.9,10.9
2019,Amapá,84.7,75.5,12.7,12.3
2019,Amapá,,92.1,,7.2
2019,Amapá,,92.1,,7.2
2019,Amapá,85.3,76.7,11.9,12.2
2019,Amapá,85.8,77.0,11.6,12.1
2019,Amapá,83.7,75.4,13.1,12.7
2019,Amapá,90.2,,8.7,
2019,Amapá,91.0,,7.9,
2019,Amapá,86.7,,12.3,
2019,Amapá,99.3,97.7,0.4,1.2
2019,Amapá,99.5,99.1,0.4,0.9
2019,Amapá,79.4,78.5,3.9,4.1
2019,Amapá,87.3,77.6,10.6,11.9
2019,Amapá,88.0,77.9,10.0,11.8
2019,Amapá,84.7,75.4,12.8,12.7
2019,Tocantins,93.0,87.9,6.1,7.9
2019,Tocantins,93.4,88.1,5.8,7.7
2019,Tocantins,89.9,85.7,7.9,9.5
2019,Tocantins,,84.9,,12.8
2019,Tocantins,,84.3,,13.1
2019,Tocantins,,86.2,,12.0
2019,Tocantins,89.7,87.7,8.3,7.8
2019,Tocantins,90.3,87.9,8.2,7.7
2019,Tocantins,85.3,84.7,9.3,9.6
2019,Tocantins,94.1,,5.5,
2019,Tocantins,94.6,,5.1,
2019,Tocantins,91.4,,7.6,
2019,Tocantins,98.2,94.9,1.7,4.9
2019,Tocantins,98.2,94.6,1.8,5.2
2019,Tocantins,99.4,100.0,0.6,0.0
2019,Tocantins,92.4,87.5,6.6,8.0
2019,Tocantins,92.9,87.7,6.3,7.9
2019,Tocantins,89.7,85.0,8.1,10.0
2019,Maranhão,91.7,90.6,6.5,4.7
2019,Maranhão,92.3,91.1,6.2,4.7
2019,Maranhão,90.8,88.3,7.1,5.3
2019,Maranhão,95.4,89.4,4.3,8.5
2019,Maranhão,94.4,89.2,5.2,9.0
2019,Maranhão,97.7,90.0,2.3,6.6
2019,Maranhão,89.8,90.5,7.1,4.7
2019,Maranhão,96.2,90.9,3.0,4.6
2019,Maranhão,80.3,88.2,13.2,5.3
2019,Maranhão,91.0,87.1,7.1,1.8
2019,Maranhão,91.0,91.8,7.2,0.6
2019,Maranhão,90.9,80.6,7.0,3.4
2019,Maranhão,98.2,94.8,1.6,3.7
2019,Maranhão,98.2,95.4,1.6,3.7
2019,Maranhão,97.9,88.6,1.6,3.4
2019,Maranhão,90.9,90.4,7.1,4.8
2019,Maranhão,91.1,90.8,7.1,4.7
2019,Maranhão,90.6,88.3,7.1,5.3
2019,Piauí,91.8,84.7,6.9,8.1
2019,Piauí,92.3,85.1,6.5,8.1
2019,Piauí,90.5,79.5,7.9,7.4
2019,Piauí,,86.0,,11.8
2019,Piauí,,86.0,,11.9
2019,Piauí,,85.9,,11.3
2019,Piauí,86.5,83.3,10.6,8.4
2019,Piauí,86.6,83.6,10.5,8.4
2019,Piauí,75.3,78.7,14.7,7.1
2019,Piauí,91.4,89.3,7.3,10.7
2019,Piauí,91.8,89.5,7.0,10.5
2019,Piauí,90.6,87.5,7.9,12.5
2019,Piauí,97.2,95.3,2.5,4.1
2019,Piauí,97.2,95.3,2.5,4.1
2019,Piauí,98.0,100.0,2.0,0.0
2019,Piauí,90.9,83.5,7.6,8.6
2019,Piauí,91.1,83.8,7.4,8.6
2019,Piauí,90.5,79.3,7.9,7.5
2019,Ceará,96.6,92.7,2.7,3.8
2019,Ceará,96.6,92.6,2.7,3.9
2019,Ceará,96.6,93.9,2.7,2.8
2019,Ceará,96.5,85.3,3.5,12.8
2019,Ceará,96.5,84.8,3.5,13.4
2019,Ceará,,90.0,,7.6
2019,Ceará,91.7,92.4,5.7,3.8
2019,Ceará,91.4,92.3,5.9,3.8
2019,Ceará,93.1,94.0,4.7,2.7
2019,Ceará,96.3,,3.0,
2019,Ceará,96.2,,3.1,
2019,Ceará,96.7,,2.7,
2019,Ceará,98.3,96.6,1.5,3.1
2019,Ceará,98.3,96.6,1.5,3.1
2019,Ceará,98.9,94.6,0.9,4.3
2019,Ceará,96.2,92.3,3.0,3.9
2019,Ceará,96.1,92.2,3.1,4.0
2019,Ceará,96.6,93.9,2.7,2.8
2019,Rio Grande do Norte,86.8,77.6,11.2,14.9
2019,Rio Grande do Norte,87.1,77.5,10.9,15.0
2019,Rio Grande do Norte,85.2,78.6,12.4,11.5
2019,Rio Grande do Norte,100.0,88.0,0.0,10.3
2019,Rio Grande do Norte,100.0,87.6,0.0,10.6
2019,Rio Grande do Norte,,91.3,,7.3
2019,Rio Grande do Norte,81.6,73.5,15.5,17.0
2019,Rio Grande do Norte,81.6,73.6,15.6,17.2
2019,Rio Grande do Norte,82.6,73.3,14.4,13.4
2019,Rio Grande do Norte,84.4,,13.0,
2019,Rio Grande do Norte,84.1,,13.2,
2019,Rio Grande do Norte,85.3,,12.4,
2019,Rio Grande do Norte,97.7,94.5,2.1,5.0
2019,Rio Grande do Norte,97.7,94.5,2.1,5.1
2019,Rio Grande do Norte,97.6,100.0,2.4,0.0
2019,Rio Grande do Norte,83.7,75.2,13.6,16.3
2019,Rio Grande do Norte,83.4,75.0,13.9,16.5
2019,Rio Grande do Norte,85.1,78.4,12.5,11.6
2019,Paraíba,88.7,83.3,9.0,10.4
2019,Paraíba,88.8,83.3,8.9,10.4
2019,Paraíba,88.2,82.7,9.5,10.9
2019,Paraíba,,91.8,,7.2
2019,Paraíba,,91.8,,7.3
2019,Paraíba,,93.2,,3.7
2019,Paraíba,81.1,80.6,14.9,11.9
2019,Paraíba,81.2,80.5,14.8,11.9
2019,Paraíba,80.1,82.3,15.8,11.2
2019,Paraíba,87.6,65.7,9.9,5.1
2019,Paraíba,87.2,65.7,10.2,5.1
2019,Paraíba,89.0,,9.0,
2019,Paraíba,97.9,95.6,1.9,3.6
2019,Paraíba,97.9,95.6,1.8,3.6
2019,Paraíba,95.8,,3.3,
2019,Paraíba,86.3,81.2,10.9,11.6
2019,Paraíba,85.8,81.1,11.3,11.6
2019,Paraíba,88.2,82.7,9.6,10.9
2019,Pernambuco,93.3,93.5,5.8,5.1
2019,Pernambuco,93.6,93.6,5.4,5.0
2019,Pernambuco,91.6,90.4,7.3,6.8
2019,Pernambuco,97.7,78.7,2.0,17.3
2019,Pernambuco,97.7,77.1,2.0,18.3
2019,Pernambuco,,83.5,,14.4
2019,Pernambuco,93.2,93.6,6.0,4.9
2019,Pernambuco,94.1,93.7,5.2,4.9
2019,Pernambuco,86.8,91.1,11.2,6.0
2019,Pernambuco,91.5,94.4,7.2,1.1
2019,Pernambuco,91.4,100.0,7.3,0.0
2019,Pernambuco,92.0,89.8,7.0,2.0
2019,Pernambuco,97.8,95.8,2.0,3.7
2019,Pernambuco,97.8,95.8,2.0,3.8
2019,Pernambuco,97.5,98.8,2.4,0.8
2019,Pernambuco,91.8,93.2,7.0,5.3
2019,Pernambuco,91.9,93.4,6.9,5.1
2019,Pernambuco,91.5,90.3,7.3,6.9
2019,Alagoas,94.1,86.7,4.4,7.2
2019,Alagoas,94.0,86.4,4.4,7.4
2019,Alagoas,94.6,93.6,4.3,3.3
2019,Alagoas,,79.4,,16.4
2019,Alagoas,,79.4,,16.4
2019,Alagoas,90.9,86.0,6.6,6.9
2019,Alagoas,90.6,85.4,6.8,7.2
2019,Alagoas,95.8,93.6,3.0,3.3
2019,Alagoas,93.7,,4.7,
2019,Alagoas,93.3,,4.9,
2019,Alagoas,94.5,,4.3,
2019,Alagoas,97.9,95.3,1.8,4.1
2019,Alagoas,97.9,95.3,1.8,4.1
2019,Alagoas,93.1,96.4,6.3,0.0
2019,Alagoas,93.3,85.4,5.0,7.7
2019,Alagoas,92.9,84.9,5.2,8.0
2019,Alagoas,94.6,93.6,4.3,3.3
2019,Sergipe,85.3,81.2,12.7,12.5
2019,Sergipe,86.1,81.4,12.1,12.5
2019,Sergipe,82.5,78.2,14.9,13.1
2019,Sergipe,94.7,84.4,5.3,13.0
2019,Sergipe,94.7,86.9,5.3,10.0
2019,Sergipe,,80.5,,17.8
2019,Sergipe,80.8,78.1,17.0,14.2
2019,Sergipe,80.7,78.1,17.2,14.3
2019,Sergipe,84.5,77.7,13.6,12.2
2019,Sergipe,81.9,,15.3,
2019,Sergipe,81.8,,15.5,
2019,Sergipe,82.2,,15.1,
2019,Sergipe,97.2,95.2,2.7,4.5
2019,Sergipe,97.2,95.2,2.7,4.5
2019,Sergipe,96.4,,3.5,
2019,Sergipe,81.7,78.3,15.8,14.2
2019,Sergipe,81.4,78.3,16.1,14.2
2019,Sergipe,82.3,78.2,15.0,13.1
2019,Bahia,86.7,79.4,10.7,13.5
2019,Bahia,87.4,79.2,10.2,13.8
2019,Bahia,84.8,81.8,12.1,10.6
2019,Bahia,98.3,87.7,1.7,9.8
2019,Bahia,98.3,87.1,1.7,10.2
2019,Bahia,,92.3,,6.8
2019,Bahia,78.7,77.5,17.8,14.7
2019,Bahia,78.8,77.3,17.7,14.9
2019,Bahia,76.8,79.8,18.9,11.8
2019,Bahia,85.1,80.8,11.8,7.7
2019,Bahia,85.3,74.2,11.7,10.9
2019,Bahia,84.8,85.2,12.0,5.5
2019,Bahia,97.5,95.6,2.2,3.9
2019,Bahia,97.5,95.6,2.2,3.9
2019,Bahia,95.3,94.7,4.1,3.3
2019,Bahia,84.6,77.8,12.3,14.5
2019,Bahia,84.5,77.6,12.4,14.7
2019,Bahia,84.7,80.8,12.1,11.2
2019,Minas Gerais,94.0,84.4,5.4,11.0
2019,Minas Gerais,93.9,84.2,5.5,11.1
2019,Minas Gerais,95.3,91.4,4.0,5.9
2019,Minas Gerais,94.8,90.8,5.1,8.7
2019,Minas Gerais,94.8,90.3,5.1,9.1
2019,Minas Gerais,,92.4,,7.1
2019,Minas Gerais,91.7,82.8,7.2,11.9
2019,Minas Gerais,91.6,82.6,7.3,12.0
2019,Minas Gerais,93.7,90.6,5.3,5.8
2019,Minas Gerais,94.9,90.4,4.7,7.3
2019,Minas Gerais,94.8,90.4,4.8,7.4
2019,Minas Gerais,95.8,89.6,3.7,6.7
2019,Minas Gerais,98.3,95.7,1.7,4.1
2019,Minas Gerais,98.3,95.7,1.7,4.1
2019,Minas Gerais,93.4,96.5,5.2,2.3
2019,Minas Gerais,93.3,83.2,5.9,11.7
2019,Minas Gerais,93.2,82.9,6.0,11.9
2019,Minas Gerais,95.3,91.1,4.0,6.2
2019,Espírito Santo,92.4,88.8,7.1,9.1
2019,Espírito Santo,92.4,88.7,7.1,9.3
2019,Espírito Santo,92.7,91.9,6.9,6.3
2019,Espírito Santo,,90.2,,8.5
2019,Espírito Santo,,90.6,,8.1
2019,Espírito Santo,,88.4,,10.1
2019,Espírito Santo,91.4,87.6,8.0,10.1
2019,Espírito Santo,91.2,87.4,8.1,10.3
2019,Espírito Santo,93.4,93.4,6.4,5.1
2019,Espírito Santo,91.5,97.5,7.9,2.5
2019,Espírito Santo,91.4,,8.0,
2019,Espírito Santo,92.6,97.5,7.0,2.5
2019,Espírito Santo,98.7,96.5,1.3,3.2
2019,Espírito Santo,98.8,96.7,1.2,3.1
2019,Espírito Santo,95.1,93.4,4.0,3.7
2019,Espírito Santo,91.5,87.8,7.9,10.0
2019,Espírito Santo,91.3,87.6,8.1,10.1
2019,Espírito Santo,92.7,91.4,6.9,7.1
2019,Rio de Janeiro,90.9,81.7,8.1,12.5
2019,Rio de Janeiro,91.1,81.5,7.9,12.6
2019,Rio de Janeiro,87.0,86.8,12.1,9.3
2019,Rio de Janeiro,94.9,85.8,4.7,12.1
2019,Rio de Janeiro,94.9,86.0,4.7,12.0
2019,Rio de Janeiro,,83.0,,14.6
2019,Rio de Janeiro,81.2,78.1,15.5,14.5
2019,Rio de Janeiro,81.1,77.8,15.6,14.7
2019,Rio de Janeiro,82.1,86.4,15.0,9.3
2019,Rio de Janeiro,89.4,80.7,9.6,13.4
2019,Rio de Janeiro,89.6,80.7,9.3,13.4
2019,Rio de Janeiro,86.8,,12.4,
2019,Rio de Janeiro,96.8,94.4,3.0,5.2
2019,Rio de Janeiro,96.8,94.4,3.0,5.2
2019,Rio de Janeiro,96.2,97.1,3.6,2.8
2019,Rio de Janeiro,88.5,78.5,10.2,14.4
2019,Rio de Janeiro,88.6,78.2,10.0,14.5
2019,Rio de Janeiro,86.4,86.2,12.6,9.6
2019,São Paulo,97.5,92.3,2.1,5.7
2019,São Paulo,97.5,92.2,2.1,5.7
2019,São Paulo,97.6,95.8,2.2,3.2
2019,São Paulo,99.1,96.1,0.9,3.4
2019,São Paulo,99.1,96.1,0.9,3.4
2019,São Paulo,96.9,91.1,2.4,6.4
2019,São Paulo,96.9,91.0,2.4,6.5
2019,São Paulo,98.3,95.8,1.3,3.1
2019,São Paulo,97.2,94.0,2.5,5.0
2019,São Paulo,97.2,94.0,2.5,5.0
2019,São Paulo,97.3,95.6,2.7,3.8
2019,São Paulo,99.0,97.7,1.0,2.3
2019,São Paulo,99.0,97.8,1.0,2.2
2019,São Paulo,97.9,95.5,2.1,4.2
2019,São Paulo,97.1,91.2,2.4,6.4
2019,São Paulo,97.1,91.1,2.4,6.4
2019,São Paulo,97.6,95.8,2.3,3.1
2019,Paraná,94.5,89.1,5.0,7.8
2019,Paraná,94.5,89.0,5.0,8.0
2019,Paraná,94.6,92.7,5.0,5.1
2019,Paraná,95.1,92.8,4.9,6.2
2019,Paraná,95.1,92.6,4.9,6.3
2019,Paraná,,96.4,,3.6
2019,Paraná,91.5,87.6,7.5,8.8
2019,Paraná,91.4,87.4,7.6,8.9
2019,Paraná,94.3,92.6,5.0,5.2
2019,Paraná,95.8,,4.1,
2019,Paraná,95.9,,4.0,
2019,Paraná,94.8,,5.1,
2019,Paraná,98.5,97.2,1.5,2.7
2019,Paraná,98.5,97.2,1.5,2.7
2019,Paraná,98.8,96.3,1.2,3.3
2019,Paraná,93.9,87.8,5.6,8.7
2019,Paraná,93.8,87.5,5.7,8.9
2019,Paraná,94.6,92.6,5.1,5.1
2019,Santa Catarina,93.1,82.0,6.5,12.9
2019,Santa Catarina,93.1,81.9,6.5,13.0
2019,Santa Catarina,94.1,86.4,5.6,9.6
2019,Santa Catarina,91.8,91.8,8.0,6.9
2019,Santa Catarina,91.8,91.8,8.0,6.8
2019,Santa Catarina,,91.7,,8.1
2019,Santa Catarina,88.2,79.2,11.3,14.7
2019,Santa Catarina,88.1,79.1,11.4,14.9
2019,Santa Catarina,90.0,85.1,9.5,10.1
2019,Santa Catarina,94.9,95.9,4.7,3.0
2019,Santa Catarina,94.8,96.6,4.8,3.4
2019,Santa Catarina,95.8,93.8,3.9,1.8
2019,Santa Catarina,98.9,96.5,1.1,3.2
2019,Santa Catarina,98.9,96.5,1.1,3.2
2019,Santa Catarina,96.6,96.6,3.4,3.4
2019,Santa Catarina,92.3,80.0,7.3,14.3
2019,Santa Catarina,92.1,79.8,7.4,14.4
2019,Santa Catarina,94.1,86.3,5.6,9.7
2019,Rio Grande do Sul,89.7,79.2,9.4,15.5
2019,Rio Grande do Sul,89.6,79.0,9.5,15.6
2019,Rio Grande do Sul,90.3,82.2,8.6,12.9
2019,Rio Grande do Sul,96.6,85.1,3.4,13.3
2019,Rio Grande do Sul,96.6,84.2,3.4,14.2
2019,Rio Grande do Sul,,89.0,,9.7
2019,Rio Grande do Sul,86.9,76.5,11.9,17.2
2019,Rio Grande do Sul,86.7,76.4,12.1,17.3
2019,Rio Grande do Sul,89.1,79.4,9.3,14.6
2019,Rio Grande do Sul,89.4,73.3,9.6,17.3
2019,Rio Grande do Sul,89.2,72.2,9.8,18.3
2019,Rio Grande do Sul,90.8,85.9,8.3,6.2
2019,Rio Grande do Sul,98.1,95.9,1.9,3.7
2019,Rio Grande do Sul,98.1,95.9,1.9,3.8
2019,Rio Grande do Sul,96.2,94.4,3.8,2.2
2019,Rio Grande do Sul,88.4,76.9,10.5,17.0
2019,Rio Grande do Sul,88.1,76.7,10.8,17.2
2019,Rio Grande do Sul,90.3,81.9,8.6,13.2
2019,Mato Grosso do Sul,90.6,83.1,8.3,10.9
2019,Mato Grosso do Sul,91.1,83.3,7.9,11.1
2019,Mato Grosso do Sul,86.3,80.8,11.2,8.3
2019,Mato Grosso do Sul,95.4,92.8,4.6,4.1
2019,Mato Grosso do Sul,95.4,93.0,4.6,3.9
2019,Mato Grosso do Sul,,92.2,,5.3
2019,Mato Grosso do Sul,89.4,81.1,8.4,12.1
2019,Mato Grosso do Sul,89.5,81.3,8.3,12.3
2019,Mato Grosso do Sul,87.9,78.2,8.9,9.0
2019,Mato Grosso do Sul,89.6,95.5,9.6,4.5
2019,Mato Grosso do Sul,90.3,,9.1,
2019,Mato Grosso do Sul,85.8,95.5,11.9,4.5
2019,Mato Grosso do Sul,98.5,96.6,1.5,3.3
2019,Mato Grosso do Sul,98.5,96.7,1.5,3.3
2019,Mato Grosso do Sul,99.1,93.2,0.9,5.5
2019,Mato Grosso do Sul,89.6,81.7,9.1,11.7
2019,Mato Grosso do Sul,90.0,81.8,8.8,11.9
2019,Mato Grosso do Sul,86.2,80.0,11.3,8.5
2019,Mato Grosso,95.7,73.2,3.7,17.2
2019,Mato Grosso,95.6,72.8,3.8,17.3
2019,Mato Grosso,95.8,76.2,3.1,15.8
2019,Mato Grosso,,91.2,,8.2
2019,Mato Grosso,,91.8,,7.6
2019,Mato Grosso,,89.4,,10.1
2019,Mato Grosso,93.3,70.1,5.6,18.9
2019,Mato Grosso,93.1,69.4,5.8,19.3
2019,Mato Grosso,94.9,74.6,3.6,16.5
2019,Mato Grosso,97.1,79.7,2.6,20.3
2019,Mato Grosso,97.3,,2.5,
2019,Mato Grosso,96.4,79.7,2.9,20.3
2019,Mato Grosso,98.6,97.1,1.3,2.8
2019,Mato Grosso,98.6,97.1,1.3,2.8
2019,Mato Grosso,97.9,100.0,2.1,0.0
2019,Mato Grosso,95.3,71.3,4.0,18.3
2019,Mato Grosso,95.2,70.6,4.2,18.7
2019,Mato Grosso,95.8,76.1,3.1,15.9
2019,Goiás,96.1,92.9,3.3,5.2
2019,Goiás,96.2,92.9,3.2,5.1
2019,Goiás,94.5,93.0,4.8,5.4
2019,Goiás,96.9,89.8,3.1,9.4
2019,Goiás,96.9,89.6,3.1,9.6
2019,Goiás,,90.5,,8.9
2019,Goiás,95.6,92.4,3.4,5.3
2019,Goiás,95.7,92.4,3.4,5.4
2019,Goiás,95.5,93.7,3.3,3.9
2019,Goiás,95.4,90.4,4.0,4.4
2019,Goiás,95.5,90.4,3.9,4.7
2019,Goiás,94.3,90.3,5.1,2.2
2019,Goiás,98.8,96.6,1.1,3.0
2019,Goiás,98.8,96.6,1.1,3.0
2019,Goiás,95.9,97.2,4.1,2.2
2019,Goiás,95.5,92.3,3.8,5.5
2019,Goiás,95.6,92.3,3.7,5.5
2019,Goiás,94.5,92.4,4.8,5.8
2019,Distrito Federal,93.9,86.1,5.3,10.2
2019,Distrito Federal,94.0,86.1,5.3,10.2
2019,Distrito Federal,93.0,86.8,6.4,10.6
2019,Distrito Federal,96.3,87.4,3.7,11.6
2019,Distrito Federal,96.3,89.4,3.7,9.7
2019,Distrito Federal,,77.5,,21.1
2019,Distrito Federal,92.2,82.9,6.7,12.2
2019,Distrito Federal,92.2,82.7,6.8,12.3
2019,Distrito Federal,92.8,88.3,6.5,8.5
2019,Distrito Federal,98.8,96.4,1.2,3.6
2019,Distrito Federal,98.8,96.3,1.2,3.6
2019,Distrito Federal,97.6,98.1,2.4,1.9
2019,Distrito Federal,92.2,83.1,6.7,12.2
2019,Distrito Federal,92.2,83.0,6.7,12.2
2019,Distrito Federal,92.8,85.8,6.5,11.4
Fonte: Censo da Educação Básica 2019/INEP.,,,,,
2021,Brasil,96.8,90.8,2.0,4.2
2021,Brasil,97.0,91.0,1.9,4.2
2021,Brasil,95.0,87.9,2.9,5.3
2021,Brasil,97.3,86.4,2.6,11.7
2021,Brasil,97.3,87.2,2.6,10.9
2021,Brasil,100.0,80.7,0.0,16.8
2021,Brasil,96.4,89.8,2.1,4.4
2021,Brasil,96.5,89.9,2.1,4.4
2021,Brasil,94.6,88.4,3.3,4.5
2021,Brasil,96.3,93.7,2.2,3.4
2021,Brasil,96.7,94.4,2.1,3.1
2021,Brasil,95.1,87.7,2.9,5.1
2021,Brasil,98.9,98.5,0.9,1.3
2021,Brasil,98.9,98.6,0.9,1.2
2021,Brasil,97.3,91.2,2.2,3.1
2021,Brasil,96.3,89.8,2.2,4.6
2021,Brasil,96.6,89.9,2.1,4.6
2021,Brasil,95.0,87.8,2.9,5.3
2021,Norte,94.5,81.9,3.0,8.0
2021,Norte,95.3,81.7,2.6,8.3
2021,Norte,92.5,83.6,3.9,6.0
2021,Norte,98.8,85.3,1.2,12.3
2021,Norte,98.8,86.5,1.2,11.4
2021,Norte,,78.3,,17.8
2021,Norte,93.3,80.8,4.1,8.2
2021,Norte,93.5,80.3,4.1,8.7
2021,Norte,91.7,83.6,4.1,5.6
2021,Norte,94.5,97.3,2.8,0.0
2021,Norte,95.6,97.3,2.2,0.0
2021,Norte,92.6,,3.9,
2021,Norte,99.0,98.1,0.7,1.6
2021,Norte,99.0,98.3,0.7,1.5
2021,Norte,98.4,92.6,1.3,2.5
2021,Norte,94.2,80.9,3.2,8.4
2021,Norte,94.9,80.5,2.9,8.8
2021,Norte,92.5,83.4,3.9,6.0
2021,Nordeste,95.9,91.0,2.2,2.7
2021,Nordeste,96.1,91.2,2.1,2.7
2021,Nordeste,95.3,88.7,2.7,3.7
2021,Nordeste,97.9,84.8,2.1,12.6
2021,Nordeste,97.8,85.3,2.2,12.0
2021,Nordeste,100.0,80.6,0.0,17.0
2021,Nordeste,93.9,90.5,3.0,2.5
2021,Nordeste,94.3,90.6,2.7,2.5
2021,Nordeste,90.0,89.4,6.7,2.8
2021,Nordeste,95.5,85.0,2.5,4.8
2021,Nordeste,95.5,84.5,2.4,2.9
2021,Nordeste,95.5,85.2,2.6,6.1
2021,Nordeste,98.6,98.1,1.0,1.2
2021,Nordeste,98.7,98.5,0.9,1.2
2021,Nordeste,96.3,84.2,2.7,4.1
2021,Nordeste,95.3,90.3,2.5,2.9
2021,Nordeste,95.4,90.5,2.4,2.8
2021,Nordeste,95.3,88.9,2.7,3.6
2021,Sudeste,98.0,93.8,1.3,3.2
2021,Sudeste,98.0,93.8,1.2,3.2
2021,Sudeste,97.6,94.3,1.7,3.6
2021,Sudeste,96.8,90.3,3.0,8.7
2021,Sudeste,96.8,90.9,3.0,8.1
2021,Sudeste,,85.5,,12.8
2021,Sudeste,97.6,92.9,1.2,3.5
2021,Sudeste,97.6,92.9,1.2,3.5
2021,Sudeste,98.3,95.4,1.1,2.5
2021,Sudeste,97.9,96.0,1.4,2.8
2021,Sudeste,97.9,96.0,1.4,2.9
2021,Sudeste,97.4,96.7,1.9,2.3
2021,Sudeste,99.0,98.7,0.9,1.2
2021,Sudeste,99.0,98.7,0.9,1.2
2021,Sudeste,98.1,95.3,1.8,2.2
2021,Sudeste,97.8,92.9,1.3,3.6
2021,Sudeste,97.8,92.9,1.3,3.6
2021,Sudeste,97.6,94.2,1.7,3.7
2021,Sul,96.8,89.4,2.4,4.9
2021,Sul,96.8,89.4,2.4,4.9
2021,Sul,96.8,91.6,2.5,4.1
2021,Sul,97.2,86.5,2.7,11.4
2021,Sul,97.2,86.6,2.7,11.5
2021,Sul,,86.0,,11.0
2021,Sul,96.2,88.2,2.4,5.1
2021,Sul,96.2,88.0,2.4,5.2
2021,Sul,97.0,92.2,1.8,3.2
2021,Sul,96.7,86.8,2.8,5.3
2021,Sul,96.7,86.2,2.8,5.6
2021,Sul,96.7,90.4,2.8,3.2
2021,Sul,98.8,98.3,1.0,1.5
2021,Sul,98.8,98.3,1.0,1.5
2021,Sul,98.7,95.5,1.3,3.1
2021,Sul,96.5,88.1,2.6,5.4
2021,Sul,96.5,88.0,2.7,5.4
2021,Sul,96.8,91.4,2.5,4.1
2021,Centro-Oeste,96.9,89.5,2.7,8.3
2021,Centro-Oeste,97.0,89.9,2.6,7.9
2021,Centro-Oeste,95.4,82.6,4.0,14.3
2021,Centro-Oeste,97.2,82.0,2.8,16.6
2021,Centro-Oeste,97.2,84.9,2.8,13.9
2021,Centro-Oeste,,70.4,,27.5
2021,Centro-Oeste,96.5,88.4,3.1,9.0
2021,Centro-Oeste,96.5,88.7,3.1,8.8
2021,Centro-Oeste,96.0,83.8,3.4,12.9
2021,Centro-Oeste,96.5,86.8,3.0,6.2
2021,Centro-Oeste,96.6,84.5,2.8,7.6
2021,Centro-Oeste,95.0,92.8,4.3,2.7
2021,Centro-Oeste,99.2,98.6,0.8,1.2
2021,Centro-Oeste,99.2,98.7,0.7,1.2
2021,Centro-Oeste,97.8,95.7,2.1,2.8
2021,Centro-Oeste,96.5,88.1,3.0,9.3
2021,Centro-Oeste,96.6,88.5,2.9,9.0
2021,Centro-Oeste,95.4,82.1,4.0,14.8
2021,Rondônia,97.0,88.4,1.9,6.6
2021,Rondônia,97.1,88.7,2.0,6.5
2021,Rondônia,96.3,83.5,1.6,8.4
2021,Rondônia,,84.1,,15.0
2021,Rondônia,,86.5,,13.3
2021,Rondônia,,78.0,,19.5
2021,Rondônia,95.7,88.3,2.3,6.2
2021,Rondônia,96.1,88.5,2.3,6.3
2021,Rondônia,89.6,84.2,2.1,4.1
2021,Rondônia,97.9,,1.8,
2021,Rondônia,98.0,,1.9,
2021,Rondônia,97.7,,1.5,
2021,Rondônia,98.7,94.6,1.3,4.0
2021,Rondônia,98.6,95.4,1.4,4.5
2021,Rondônia,99.3,91.0,0.7,1.6
2021,Rondônia,96.9,88.0,2.0,6.8
2021,Rondônia,97.0,88.4,2.1,6.6
2021,Rondônia,96.2,81.9,1.6,9.9
2021,Acre,94.9,86.4,2.5,7.4
2021,Acre,95.8,86.1,2.6,9.1
2021,Acre,93.0,87.2,2.3,2.1
2021,Acre,93.6,84.1,6.4,14.5
2021,Acre,93.6,84.1,6.4,14.5
2021,Acre,94.5,85.9,2.8,7.4
2021,Acre,95.1,85.5,3.3,9.3
2021,Acre,92.9,87.2,1.6,2.1
2021,Acre,94.9,,2.3,
2021,Acre,96.4,,1.7,
2021,Acre,93.1,,3.0,
2021,Acre,99.8,98.9,0.2,0.9
2021,Acre,99.8,98.9,0.2,0.9
2021,Acre,94.7,85.8,2.6,7.7
2021,Acre,95.5,85.4,2.8,9.6
2021,Acre,93.0,87.2,2.3,2.1
2021,Amazonas,96.0,91.6,1.5,2.9
2021,Amazonas,97.3,91.6,0.9,2.9
2021,Amazonas,92.2,91.8,3.3,2.6
2021,Amazonas,98.2,87.2,1.6,11.6
2021,Amazonas,98.2,87.0,1.6,11.8
2021,Amazonas,,89.0,,9.7
2021,Amazonas,97.6,91.5,0.9,2.6
2021,Amazonas,97.7,91.4,0.9,2.6
2021,Amazonas,95.0,91.9,1.6,2.5
2021,Amazonas,94.9,,1.8,
2021,Amazonas,96.6,,0.9,
2021,Amazonas,92.0,,3.4,
2021,Amazonas,99.1,96.8,0.7,3.0
2021,Amazonas,99.1,96.8,0.7,3.0
2021,Amazonas,99.4,98.2,0.6,1.8
2021,Amazonas,95.8,91.4,1.5,2.9
2021,Amazonas,97.1,91.3,0.9,2.9
2021,Amazonas,92.2,91.8,3.3,2.6
2021,Roraima,96.1,86.7,2.4,8.5
2021,Roraima,95.9,85.8,2.8,9.4
2021,Roraima,96.8,89.8,1.4,5.2
2021,Roraima,99.4,87.5,0.6,11.8
2021,Roraima,99.4,94.1,0.6,5.3
2021,Roraima,,79.2,,20.0
2021,Roraima,93.9,86.1,3.9,8.6
2021,Roraima,93.0,84.7,5.1,10.1
2021,Roraima,95.4,91.1,2.0,3.2
2021,Roraima,97.7,,1.3,
2021,Roraima,97.4,,1.5,
2021,Roraima,99.2,,0.3,
2021,Roraima,99.5,98.3,0.5,1.7
2021,Roraima,99.5,98.3,0.5,1.7
2021,Roraima,,100.0,,0.0
2021,Roraima,95.9,86.1,2.6,8.8
2021,Roraima,95.5,85.1,3.0,9.9
2021,Roraima,96.8,89.7,1.4,5.2
2021,Pará,93.1,73.3,3.8,11.1
2021,Pará,93.7,73.0,3.5,11.5
2021,Pará,92.1,75.4,4.3,8.3
2021,Pará,99.9,87.1,0.1,7.8
2021,Pará,99.9,88.3,0.1,7.7
2021,Pará,,53.4,,8.8
2021,Pará,87.4,71.0,7.9,12.0
2021,Pará,87.2,70.3,8.1,12.6
2021,Pará,89.3,75.4,5.8,8.3
2021,Pará,93.3,97.3,3.5,0.0
2021,Pará,94.2,97.3,2.9,0.0
2021,Pará,92.1,,4.3,
2021,Pará,98.9,98.8,0.8,0.8
2021,Pará,98.9,98.9,0.7,0.8
2021,Pará,96.7,92.2,2.5,1.6
2021,Pará,92.6,71.3,4.1,11.9
2021,Pará,92.9,70.7,3.9,12.4
2021,Pará,92.1,75.3,4.3,8.3
2021,Amapá,89.8,77.1,8.1,15.4
2021,Amapá,90.1,77.0,7.8,15.7
2021,Amapá,88.4,77.6,9.2,13.8
2021,Amapá,,85.1,,14.0
2021,Amapá,,85.1,,14.0
2021,Amapá,85.2,74.8,11.9,16.7
2021,Amapá,85.0,74.4,12.1,17.2
2021,Amapá,85.8,76.9,11.2,14.1
2021,Amapá,94.0,,4.5,
2021,Amapá,94.3,,4.2,
2021,Amapá,92.6,,6.0,
2021,Amapá,99.3,98.2,0.3,1.4
2021,Amapá,99.5,98.9,0.2,0.9
2021,Amapá,92.3,91.2,4.5,6.6
2021,Amapá,88.9,75.3,8.8,16.5
2021,Amapá,89.0,75.0,8.7,17.0
2021,Amapá,88.4,76.9,9.2,14.1
2021,Tocantins,97.9,93.7,1.5,3.0
2021,Tocantins,98.2,94.1,1.2,2.6
2021,Tocantins,95.7,89.5,3.3,7.4
2021,Tocantins,,78.7,,18.9
2021,Tocantins,,78.9,,17.7
2021,Tocantins,,78.0,,21.9
2021,Tocantins,96.7,94.2,1.9,2.3
2021,Tocantins,97.1,94.4,1.5,2.1
2021,Tocantins,92.9,91.2,5.1,5.1
2021,Tocantins,98.4,,1.3,
2021,Tocantins,98.7,,1.1,
2021,Tocantins,96.8,,2.6,
2021,Tocantins,99.2,98.4,0.7,1.4
2021,Tocantins,99.2,98.6,0.7,1.3
2021,Tocantins,99.3,96.0,0.7,3.6
2021,Tocantins,97.8,93.5,1.6,3.1
2021,Tocantins,98.1,93.9,1.3,2.7
2021,Tocantins,95.6,89.2,3.4,7.6
2021,Maranhão,95.5,89.1,2.0,4.5
2021,Maranhão,95.6,89.6,1.9,4.3
2021,Maranhão,95.4,86.0,2.2,5.3
2021,Maranhão,98.0,79.8,2.0,17.7
2021,Maranhão,97.2,80.6,2.8,17.6
2021,Maranhão,100.0,77.4,0.0,18.0
2021,Maranhão,91.2,89.0,5.0,4.1
2021,Maranhão,95.6,89.4,2.2,4.0
2021,Maranhão,86.1,86.9,8.3,4.5
2021,Maranhão,95.3,93.6,2.0,0.6
2021,Maranhão,95.0,93.3,2.0,0.0
2021,Maranhão,95.6,94.0,2.0,1.6
2021,Maranhão,98.5,95.7,1.2,1.9
2021,Maranhão,98.5,97.8,1.2,1.8
2021,Maranhão,97.5,77.4,1.2,2.6
2021,Maranhão,95.2,88.7,2.1,4.6
2021,Maranhão,95.0,89.1,2.0,4.5
2021,Maranhão,95.4,86.3,2.2,5.4
2021,Piauí,97.4,94.3,1.2,1.2
2021,Piauí,97.5,94.5,1.1,1.1
2021,Piauí,97.4,90.8,1.4,1.9
2021,Piauí,,83.9,,15.2
2021,Piauí,,84.6,,14.4
2021,Piauí,,77.3,,22.2
2021,Piauí,97.5,94.6,0.1,0.2
2021,Piauí,97.5,94.8,0.1,0.2
2021,Piauí,95.0,92.2,1.4,0.0
2021,Piauí,97.3,77.7,1.3,4.7
2021,Piauí,97.2,75.6,1.2,6.6
2021,Piauí,97.4,82.8,1.4,0.0
2021,Piauí,98.5,97.8,1.2,1.6
2021,Piauí,98.5,97.8,1.2,1.6
2021,Piauí,99.0,98.5,1.0,1.5
2021,Piauí,97.3,93.9,1.2,1.1
2021,Piauí,97.2,94.1,1.1,1.1
2021,Piauí,97.4,90.8,1.4,1.9
2021,Ceará,99.5,97.8,0.2,0.3
2021,Ceará,99.5,97.8,0.2,0.3
2021,Ceará,99.7,98.1,0.1,0.6
2021,Ceará,98.9,81.5,1.1,16.3
2021,Ceará,98.9,82.1,1.1,15.5
2021,Ceará,,75.2,,23.8
2021,Ceará,98.7,98.0,0.0,0.0
2021,Ceará,98.6,97.9,0.0,0.0
2021,Ceará,99.1,98.8,0.0,0.0
2021,Ceará,99.6,,0.1,
2021,Ceará,99.6,,0.2,
2021,Ceará,99.7,,0.1,
2021,Ceará,99.1,98.8,0.5,1.0
2021,Ceará,99.1,98.8,0.5,1.0
2021,Ceará,99.8,81.8,0.2,0.0
2021,Ceará,99.6,97.7,0.1,0.3
2021,Ceará,99.6,97.7,0.2,0.3
2021,Ceará,99.7,98.2,0.1,0.6
2021,Rio Grande do Norte,90.2,74.6,6.1,10.7
2021,Rio Grande do Norte,90.2,74.7,6.0,10.9
2021,Rio Grande do Norte,90.1,73.6,6.8,6.9
2021,Rio Grande do Norte,100.0,91.1,0.0,7.5
2021,Rio Grande do Norte,100.0,91.2,0.0,7.3
2021,Rio Grande do Norte,,90.4,,9.3
2021,Rio Grande do Norte,84.4,69.1,8.1,12.5
2021,Rio Grande do Norte,84.4,69.1,8.1,12.7
2021,Rio Grande do Norte,84.4,67.4,8.8,6.1
2021,Rio Grande do Norte,89.1,,7.2,
2021,Rio Grande do Norte,88.7,,7.4,
2021,Rio Grande do Norte,90.4,,6.7,
2021,Rio Grande do Norte,98.3,98.1,1.4,1.6
2021,Rio Grande do Norte,98.3,98.1,1.4,1.6
2021,Rio Grande do Norte,97.3,96.8,2.1,0.0
2021,Rio Grande do Norte,88.0,71.5,7.4,11.9
2021,Rio Grande do Norte,87.5,71.4,7.6,12.2
2021,Rio Grande do Norte,90.0,73.5,6.9,7.0
2021,Paraíba,96.8,95.9,1.4,0.8
2021,Paraíba,96.8,95.8,1.4,0.8
2021,Paraíba,97.0,96.8,1.5,0.6
2021,Paraíba,100.0,88.5,0.0,10.3
2021,Paraíba,100.0,88.6,0.0,10.3
2021,Paraíba,,84.7,,9.9
2021,Paraíba,97.9,96.0,0.4,0.2
2021,Paraíba,98.1,96.0,0.2,0.2
2021,Paraíba,96.2,97.1,2.1,0.4
2021,Paraíba,96.2,73.8,1.8,7.3
2021,Paraíba,95.9,71.2,1.9,8.5
2021,Paraíba,97.1,90.2,1.4,0.0
2021,Paraíba,98.7,98.7,0.8,0.8
2021,Paraíba,98.7,98.7,0.8,0.8
2021,Paraíba,94.0,,3.5,
2021,Paraíba,96.5,95.5,1.5,0.8
2021,Paraíba,96.3,95.5,1.5,0.9
2021,Paraíba,97.0,96.8,1.5,0.6
2021,Pernambuco,97.2,94.1,2.2,4.5
2021,Pernambuco,97.4,94.5,2.0,4.2
2021,Pernambuco,96.2,87.9,3.1,8.6
2021,Pernambuco,98.3,83.5,1.7,13.3
2021,Pernambuco,98.3,85.1,1.7,11.4
2021,Pernambuco,,78.7,,18.7
2021,Pernambuco,94.7,93.8,4.4,4.6
2021,Pernambuco,96.0,94.2,3.3,4.4
2021,Pernambuco,86.2,88.6,11.6,7.7
2021,Pernambuco,97.2,93.7,2.2,5.5
2021,Pernambuco,97.2,,2.1,
2021,Pernambuco,97.1,93.7,2.3,5.5
2021,Pernambuco,98.4,98.4,1.2,1.2
2021,Pernambuco,98.4,98.4,1.2,1.2
2021,Pernambuco,93.4,98.4,6.0,1.6
2021,Pernambuco,96.8,93.6,2.5,4.9
2021,Pernambuco,97.0,94.0,2.3,4.6
2021,Pernambuco,96.2,87.7,3.0,8.7
2021,Alagoas,97.7,87.7,1.2,4.5
2021,Alagoas,97.3,87.6,1.5,4.6
2021,Alagoas,99.0,89.1,0.5,3.8
2021,Alagoas,,80.1,,14.2
2021,Alagoas,,80.1,,14.2
2021,Alagoas,91.8,86.5,4.7,4.5
2021,Alagoas,91.4,86.4,4.9,4.5
2021,Alagoas,97.6,89.1,1.6,3.9
2021,Alagoas,98.3,,0.8,
2021,Alagoas,97.9,,1.0,
2021,Alagoas,99.0,,0.4,
2021,Alagoas,98.7,97.9,0.9,1.6
2021,Alagoas,98.7,97.9,0.8,1.6
2021,Alagoas,96.6,100.0,2.9,0.0
2021,Alagoas,97.5,86.3,1.3,4.9
2021,Alagoas,96.9,86.1,1.6,5.0
2021,Alagoas,99.0,89.1,0.4,3.9
2021,Sergipe,97.7,94.8,0.9,2.1
2021,Sergipe,97.9,94.9,0.9,2.0
2021,Sergipe,97.0,92.5,1.2,3.8
2021,Sergipe,89.5,85.3,10.5,14.2
2021,Sergipe,89.5,85.5,10.5,13.8
2021,Sergipe,,85.0,,14.8
2021,Sergipe,98.5,94.3,0.4,1.9
2021,Sergipe,98.5,94.3,0.4,2.0
2021,Sergipe,98.1,94.3,0.0,1.1
2021,Sergipe,97.0,,1.2,
2021,Sergipe,97.0,,1.2,
2021,Sergipe,96.9,,1.2,
2021,Sergipe,98.9,98.9,0.7,0.9
2021,Sergipe,98.9,98.9,0.7,0.9
2021,Sergipe,99.1,,0.9,
2021,Sergipe,97.4,94.0,1.0,2.3
2021,Sergipe,97.5,94.1,0.9,2.2
2021,Sergipe,96.9,92.5,1.2,3.8
2021,Bahia,93.0,88.2,3.7,1.2
2021,Bahia,93.4,88.3,3.4,1.2
2021,Bahia,91.7,87.0,4.8,1.5
2021,Bahia,99.2,84.7,0.8,9.3
2021,Bahia,99.2,84.7,0.8,9.3
2021,Bahia,,100.0,,0.0
2021,Bahia,94.4,87.4,0.9,1.1
2021,Bahia,94.4,87.4,0.9,1.1
2021,Bahia,94.6,87.3,0.3,0.8
2021,Bahia,91.9,83.5,4.4,5.8
2021,Bahia,92.0,84.9,4.3,2.4
2021,Bahia,91.6,83.0,4.8,7.2
2021,Bahia,98.7,98.0,0.9,1.2
2021,Bahia,98.8,98.8,0.8,0.9
2021,Bahia,96.0,86.0,2.7,5.3
2021,Bahia,92.0,87.3,4.2,1.2
2021,Bahia,92.2,87.3,3.9,1.2
2021,Bahia,91.6,87.1,4.8,1.2
2021,Minas Gerais,97.9,92.0,1.3,4.5
2021,Minas Gerais,97.8,92.0,1.3,4.5
2021,Minas Gerais,98.7,93.5,0.8,4.2
2021,Minas Gerais,95.5,89.8,4.4,9.1
2021,Minas Gerais,95.5,90.8,4.4,8.3
2021,Minas Gerais,,85.8,,12.3
2021,Minas Gerais,97.0,91.3,1.7,4.7
2021,Minas Gerais,97.0,91.1,1.7,4.8
2021,Minas Gerais,99.0,96.3,0.6,1.5
2021,Minas Gerais,98.2,94.5,1.1,3.3
2021,Minas Gerais,98.2,94.5,1.1,3.2
2021,Minas Gerais,98.7,94.4,0.9,4.3
2021,Minas Gerais,99.3,98.6,0.7,1.2
2021,Minas Gerais,99.3,98.7,0.7,1.2
2021,Minas Gerais,97.0,92.5,2.8,3.3
2021,Minas Gerais,97.7,91.2,1.4,4.9
2021,Minas Gerais,97.6,91.2,1.4,4.9
2021,Minas Gerais,98.8,93.6,0.8,4.3
2021,Espírito Santo,96.8,91.5,2.5,6.2
2021,Espírito Santo,96.9,91.4,2.4,6.2
2021,Espírito Santo,95.9,92.3,3.6,5.7
2021,Espírito Santo,,87.9,,10.2
2021,Espírito Santo,,87.6,,10.3
2021,Espírito Santo,,89.1,,9.8
2021,Espírito Santo,95.4,90.9,3.9,6.6
2021,Espírito Santo,95.4,90.8,3.9,6.6
2021,Espírito Santo,95.1,94.1,4.5,5.1
2021,Espírito Santo,96.8,98.5,2.5,1.5
2021,Espírito Santo,96.9,,2.3,
2021,Espírito Santo,96.1,98.5,3.5,1.5
2021,Espírito Santo,99.3,98.2,0.7,1.3
2021,Espírito Santo,99.3,98.6,0.7,1.3
2021,Espírito Santo,97.8,92.6,0.8,1.4
2021,Espírito Santo,96.5,90.6,2.8,6.9
2021,Espírito Santo,96.5,90.6,2.7,6.9
2021,Espírito Santo,95.9,92.2,3.6,6.8
2021,Rio de Janeiro,96.7,93.4,2.4,4.7
2021,Rio de Janeiro,96.7,93.4,2.3,4.7
2021,Rio de Janeiro,95.5,92.9,3.2,4.5
2021,Rio de Janeiro,97.2,90.0,2.5,8.8
2021,Rio de Janeiro,97.2,90.7,2.5,8.2
2021,Rio de Janeiro,,74.6,,23.4
2021,Rio de Janeiro,96.1,92.4,2.9,5.3
2021,Rio de Janeiro,96.1,92.4,2.9,5.3
2021,Rio de Janeiro,95.9,93.4,2.9,3.8
2021,Rio de Janeiro,96.2,88.8,2.5,6.6
2021,Rio de Janeiro,96.3,88.8,2.5,6.6
2021,Rio de Janeiro,95.3,,3.3,
2021,Rio de Janeiro,98.0,97.9,1.7,1.8
2021,Rio de Janeiro,98.0,98.0,1.7,1.8
2021,Rio de Janeiro,97.7,97.0,2.2,3.0
2021,Rio de Janeiro,96.2,92.3,2.6,5.4
2021,Rio de Janeiro,96.2,92.3,2.5,5.4
2021,Rio de Janeiro,95.4,92.7,3.2,4.6
2021,São Paulo,98.6,94.8,0.8,1.9
2021,São Paulo,98.6,94.8,0.8,1.9
2021,São Paulo,99.0,96.6,0.7,1.7
2021,São Paulo,96.6,93.4,3.4,6.4
2021,São Paulo,96.6,93.4,3.4,6.4
2021,São Paulo,98.1,93.9,0.6,2.1
2021,São Paulo,98.0,93.9,0.6,2.1
2021,São Paulo,99.0,96.5,0.4,1.8
2021,São Paulo,98.8,97.3,0.9,2.2
2021,São Paulo,98.8,97.3,0.9,2.2
2021,São Paulo,99.1,97.3,0.8,1.6
2021,São Paulo,99.4,99.1,0.6,0.9
2021,São Paulo,99.4,99.1,0.6,0.9
2021,São Paulo,98.6,98.6,1.4,1.4
2021,São Paulo,98.4,94.0,0.8,2.1
2021,São Paulo,98.4,94.0,0.8,2.1
2021,São Paulo,99.1,96.5,0.7,1.8
2021,Paraná,97.7,96.2,2.1,2.6
2021,Paraná,97.7,96.2,2.0,2.7
2021,Paraná,97.6,97.0,2.2,2.1
2021,Paraná,99.4,89.8,0.6,9.6
2021,Paraná,99.4,89.8,0.6,9.5
2021,Paraná,,89.3,,10.7
2021,Paraná,97.9,95.9,1.6,2.8
2021,Paraná,97.9,95.9,1.6,2.8
2021,Paraná,98.4,97.2,1.2,1.9
2021,Paraná,97.2,,2.7,
2021,Paraná,97.2,,2.7,
2021,Paraná,97.0,,3.0,
2021,Paraná,98.7,98.8,1.1,1.0
2021,Paraná,98.7,98.8,1.1,1.0
2021,Paraná,98.9,96.3,1.1,3.5
2021,Paraná,97.5,95.8,2.2,2.9
2021,Paraná,97.5,95.7,2.2,3.0
2021,Paraná,97.6,97.0,2.3,2.0
2021,Santa Catarina,95.8,80.5,3.8,12.1
2021,Santa Catarina,95.7,80.4,3.8,12.2
2021,Santa Catarina,96.5,86.3,3.1,8.5
2021,Santa Catarina,94.2,86.6,5.5,10.9
2021,Santa Catarina,94.2,86.9,5.5,10.5
2021,Santa Catarina,,83.0,,16.2
2021,Santa Catarina,92.4,77.5,7.0,13.8
2021,Santa Catarina,92.3,77.3,7.1,13.9
2021,Santa Catarina,93.6,85.7,5.7,7.9
2021,Santa Catarina,97.0,97.7,2.6,1.7
2021,Santa Catarina,96.9,99.6,2.6,0.4
2021,Santa Catarina,97.7,94.3,2.1,4.1
2021,Santa Catarina,99.1,98.0,0.8,1.6
2021,Santa Catarina,99.1,98.0,0.8,1.5
2021,Santa Catarina,99.4,98.0,0.6,2.0
2021,Santa Catarina,95.3,78.0,4.2,13.6
2021,Santa Catarina,95.1,77.8,4.3,13.8
2021,Santa Catarina,96.5,85.5,3.1,9.0
2021,Rio Grande do Sul,96.7,89.0,1.8,1.6
2021,Rio Grande do Sul,96.7,89.0,1.8,1.5
2021,Rio Grande do Sul,96.5,87.6,2.3,4.3
2021,Rio Grande do Sul,99.8,84.7,0.2,12.7
2021,Rio Grande do Sul,99.8,84.3,0.2,13.6
2021,Rio Grande do Sul,,86.5,,9.4
2021,Rio Grande do Sul,96.9,88.0,0.1,0.9
2021,Rio Grande do Sul,96.9,88.0,0.1,0.8
2021,Rio Grande do Sul,97.8,87.7,0.1,2.8
2021,Rio Grande do Sul,96.0,85.6,3.1,5.7
2021,Rio Grande do Sul,96.0,85.1,3.1,6.0
2021,Rio Grande do Sul,96.1,89.1,3.2,2.9
2021,Rio Grande do Sul,98.9,97.7,1.1,2.1
2021,Rio Grande do Sul,98.9,97.8,1.1,2.1
2021,Rio Grande do Sul,96.3,91.8,3.7,4.0
2021,Rio Grande do Sul,96.4,87.8,1.9,1.5
2021,Rio Grande do Sul,96.4,87.8,1.9,1.4
2021,Rio Grande do Sul,96.5,87.4,2.3,4.3
2021,Mato Grosso do Sul,93.9,84.8,5.7,13.8
2021,Mato Grosso do Sul,94.4,85.3,5.3,13.5
2021,Mato Grosso do Sul,90.1,79.2,9.2,18.2
2021,Mato Grosso do Sul,97.9,86.3,2.1,11.2
2021,Mato Grosso do Sul,97.9,90.6,2.1,6.8
2021,Mato Grosso do Sul,,68.1,,29.9
2021,Mato Grosso do Sul,93.1,83.3,6.5,15.3
2021,Mato Grosso do Sul,93.2,83.5,6.4,15.1
2021,Mato Grosso do Sul,92.1,80.0,6.7,17.4
2021,Mato Grosso do Sul,93.4,98.0,6.2,2.0
2021,Mato Grosso do Sul,94.0,,5.6,
2021,Mato Grosso do Sul,89.7,98.0,9.7,2.0
2021,Mato Grosso do Sul,98.8,98.2,1.2,1.5
2021,Mato Grosso do Sul,98.8,98.7,1.2,1.2
2021,Mato Grosso do Sul,94.1,85.6,5.9,9.0
2021,Mato Grosso do Sul,93.3,83.5,6.3,15.1
2021,Mato Grosso do Sul,93.7,83.8,5.9,14.8
2021,Mato Grosso do Sul,90.1,78.8,9.2,18.7
2021,Mato Grosso,98.6,82.4,1.0,12.3
2021,Mato Grosso,98.6,82.5,1.0,12.0
2021,Mato Grosso,98.3,82.0,1.0,14.1
2021,Mato Grosso,,81.0,,18.6
2021,Mato Grosso,,82.4,,17.2
2021,Mato Grosso,,75.1,,24.6
2021,Mato Grosso,97.8,81.0,1.5,12.9
2021,Mato Grosso,97.8,80.8,1.5,12.9
2021,Mato Grosso,97.7,82.5,1.5,13.3
2021,Mato Grosso,99.1,,0.6,
2021,Mato Grosso,99.3,,0.6,
2021,Mato Grosso,98.6,,0.7,
2021,Mato Grosso,99.2,98.8,0.7,1.0
2021,Mato Grosso,99.2,98.8,0.7,1.0
2021,Mato Grosso,100.0,100.0,0.0,0.0
2021,Mato Grosso,98.5,81.0,1.0,13.2
2021,Mato Grosso,98.5,80.9,1.0,13.1
2021,Mato Grosso,98.3,82.0,1.0,14.2
2021,Goiás,97.7,96.6,1.7,2.2
2021,Goiás,97.7,96.8,1.7,2.0
2021,Goiás,96.9,89.5,2.6,8.5
2021,Goiás,91.5,79.0,8.5,19.2
2021,Goiás,91.5,82.2,8.5,16.8
2021,Goiás,,69.1,,26.7
2021,Goiás,98.7,97.0,0.8,1.7
2021,Goiás,98.7,97.0,0.8,1.7
2021,Goiás,98.3,97.6,1.3,1.3
2021,Goiás,96.8,85.2,2.5,6.8
2021,Goiás,96.8,84.5,2.5,7.6
2021,Goiás,96.5,88.3,2.9,3.3
2021,Goiás,99.1,98.6,0.7,1.2
2021,Goiás,99.1,98.5,0.7,1.2
2021,Goiás,98.5,99.3,1.4,0.7
2021,Goiás,97.4,96.4,1.9,2.3
2021,Goiás,97.4,96.6,1.9,2.1
2021,Goiás,96.8,88.2,2.6,9.6
2021,Distrito Federal,96.0,88.0,3.9,11.0
2021,Distrito Federal,96.1,88.1,3.8,10.8
2021,Distrito Federal,94.5,81.9,5.4,17.0
2021,Distrito Federal,99.0,84.3,1.0,14.6
2021,Distrito Federal,99.0,87.4,1.0,11.4
2021,Distrito Federal,,66.3,,33.1
2021,Distrito Federal,94.8,84.8,5.0,13.9
2021,Distrito Federal,94.9,84.8,5.0,13.8
2021,Distrito Federal,94.3,83.0,5.5,15.5
2021,Distrito Federal,99.4,98.9,0.6,1.1
2021,Distrito Federal,99.4,98.9,0.6,1.1
2021,Distrito Federal,100.0,100.0,0.0,0.0
2021,Distrito Federal,94.8,84.8,5.0,13.9
2021,Distrito Federal,94.9,84.9,5.0,13.7
2021,Distrito Federal,94.3,79.8,5.5,18.9
Fonte: Censo da Educação Básica 2021/INEP.,,,,,
2022,Brasil,94.2,86.6,4.7,7.7
2022,Brasil,94.7,86.7,4.3,7.8
2022,Brasil,90.8,85.2,7.0,6.6
2022,Brasil,96.1,88.3,3.8,9.5
2022,Brasil,96.0,88.2,3.9,9.6
2022,Brasil,98.6,88.6,1.4,8.9
2022,Brasil,93.8,85.0,4.9,8.4
2022,Brasil,93.9,85.0,4.8,8.5
2022,Brasil,91.6,84.5,5.9,6.6
2022,Brasil,93.1,91.4,5.6,4.6
2022,Brasil,93.7,91.7,5.2,4.9
2022,Brasil,90.6,89.7,7.2,2.6
2022,Brasil,98.7,96.9,1.2,2.4
2022,Brasil,98.8,96.9,1.1,2.4
2022,Brasil,97.5,93.3,2.2,3.0
2022,Brasil,93.3,85.1,5.4,8.4
2022,Brasil,93.8,85.2,5.1,8.5
2022,Brasil,90.7,84.9,7.1,6.8
2022,Norte,90.3,82.4,7.3,8.8
2022,Norte,92.4,82.6,6.0,9.2
2022,Norte,85.1,81.1,10.5,6.2
2022,Norte,97.7,90.5,2.3,7.7
2022,Norte,97.7,90.8,2.3,7.7
2022,Norte,,88.2,,7.7
2022,Norte,91.7,81.0,6.1,9.3
2022,Norte,92.3,81.1,6.0,9.9
2022,Norte,88.0,80.7,7.2,6.2
2022,Norte,88.7,80.6,8.5,13.0
2022,Norte,91.0,80.6,7.1,13.0
2022,Norte,84.6,,11.1,
2022,Norte,98.9,97.3,1.0,2.1
2022,Norte,98.9,97.4,0.9,2.1
2022,Norte,96.5,94.7,2.9,1.6
2022,Norte,89.5,81.3,7.9,9.3
2022,Norte,91.5,81.4,6.7,9.8
2022,Norte,85.1,80.9,10.6,6.3
2022,Nordeste,92.6,85.7,5.7,7.6
2022,Nordeste,92.9,85.7,5.5,7.7
2022,Nordeste,91.7,85.0,6.4,6.5
2022,Nordeste,96.8,87.0,3.1,10.4
2022,Nordeste,96.6,86.9,3.2,10.6
2022,Nordeste,98.6,88.1,1.4,9.1
2022,Nordeste,86.7,84.4,10.3,8.1
2022,Nordeste,86.7,84.4,10.3,8.2
2022,Nordeste,86.1,84.5,9.9,6.6
2022,Nordeste,91.7,86.4,6.4,2.5
2022,Nordeste,91.7,79.8,6.4,2.9
2022,Nordeste,91.8,89.0,6.3,2.4
2022,Nordeste,98.6,96.5,1.2,2.4
2022,Nordeste,98.6,96.6,1.2,2.3
2022,Nordeste,97.0,89.3,2.5,3.4
2022,Nordeste,91.3,84.5,6.7,8.2
2022,Nordeste,91.2,84.4,6.8,8.3
2022,Nordeste,91.6,84.8,6.4,6.6
2022,Sudeste,96.2,88.6,3.1,7.0
2022,Sudeste,96.3,88.6,3.1,7.0
2022,Sudeste,95.1,92.2,4.3,4.6
2022,Sudeste,95.2,89.6,4.6,8.9
2022,Sudeste,95.2,89.4,4.6,9.1
2022,Sudeste,,91.0,,7.5
2022,Sudeste,95.7,87.0,3.1,7.8
2022,Sudeste,95.7,86.9,3.1,7.8
2022,Sudeste,96.0,92.2,3.1,4.2
2022,Sudeste,95.6,93.4,3.9,4.7
2022,Sudeste,95.6,93.4,3.9,4.7
2022,Sudeste,94.8,95.0,4.7,3.4
2022,Sudeste,98.8,96.9,1.2,2.5
2022,Sudeste,98.8,96.9,1.2,2.5
2022,Sudeste,98.0,94.6,1.9,3.5
2022,Sudeste,95.6,87.2,3.6,7.8
2022,Sudeste,95.6,87.1,3.6,7.8
2022,Sudeste,95.0,92.0,4.4,4.7
2022,Sul,94.3,85.4,5.1,8.6
2022,Sul,94.3,85.3,5.2,8.6
2022,Sul,94.3,87.7,5.1,7.5
2022,Sul,96.1,86.5,3.9,10.2
2022,Sul,96.1,86.8,3.9,9.9
2022,Sul,,85.2,,11.6
2022,Sul,92.4,83.6,6.6,9.4
2022,Sul,92.3,83.4,6.7,9.5
2022,Sul,93.7,87.7,5.3,7.1
2022,Sul,94.3,80.9,5.2,7.7
2022,Sul,94.3,79.9,5.3,8.3
2022,Sul,94.5,86.8,5.0,4.1
2022,Sul,98.8,97.2,1.2,2.5
2022,Sul,98.8,97.2,1.2,2.4
2022,Sul,98.4,95.2,1.5,3.7
2022,Sul,93.5,83.7,5.8,9.5
2022,Sul,93.5,83.5,5.8,9.5
2022,Sul,94.3,87.4,5.1,7.6
2022,Centro-Oeste,95.8,86.7,3.7,8.8
2022,Centro-Oeste,96.0,87.0,3.6,8.6
2022,Centro-Oeste,93.5,82.7,5.7,11.6
2022,Centro-Oeste,97.2,88.8,2.8,8.9
2022,Centro-Oeste,97.2,88.8,2.8,8.9
2022,Centro-Oeste,,88.9,,8.8
2022,Centro-Oeste,95.4,84.9,3.8,9.8
2022,Centro-Oeste,95.4,85.2,3.8,9.6
2022,Centro-Oeste,95.2,80.8,4.2,12.7
2022,Centro-Oeste,94.9,94.3,4.6,3.8
2022,Centro-Oeste,95.2,93.0,4.4,4.3
2022,Centro-Oeste,92.5,97.6,6.6,2.4
2022,Centro-Oeste,99.0,97.2,0.9,2.2
2022,Centro-Oeste,99.0,97.2,0.9,2.2
2022,Centro-Oeste,99.3,98.7,0.7,1.0
2022,Centro-Oeste,95.1,85.1,4.3,9.8
2022,Centro-Oeste,95.3,85.3,4.1,9.6
2022,Centro-Oeste,93.4,82.0,5.8,12.0
2022,Rondônia,95.0,86.6,3.9,6.3
2022,Rondônia,95.3,86.5,3.7,6.5
2022,Rondônia,93.4,87.8,5.3,4.3
2022,Rondônia,,92.0,,5.6
2022,Rondônia,,93.6,,5.8
2022,Rondônia,,87.9,,5.0
2022,Rondônia,94.7,85.5,3.3,6.6
2022,Rondônia,95.0,85.5,3.2,6.7
2022,Rondônia,91.4,84.2,4.8,4.8
2022,Rondônia,94.6,,5.0,
2022,Rondônia,94.9,,4.8,
2022,Rondônia,93.8,,5.5,
2022,Rondônia,98.3,96.3,1.7,3.4
2022,Rondônia,98.4,96.1,1.6,3.7
2022,Rondônia,96.7,97.2,3.2,2.1
2022,Rondônia,94.7,85.9,4.2,6.6
2022,Rondônia,94.9,86.0,3.9,6.6
2022,Rondônia,93.3,85.5,5.4,4.9
2022,Acre,92.8,83.5,4.5,7.6
2022,Acre,95.0,85.6,4.0,9.1
2022,Acre,88.2,77.2,5.6,2.9
2022,Acre,92.7,90.5,7.3,6.7
2022,Acre,92.7,90.5,7.3,6.7
2022,Acre,92.7,82.8,4.2,7.8
2022,Acre,94.8,84.9,4.0,9.6
2022,Acre,87.4,77.2,4.6,2.9
2022,Acre,92.0,,5.6,
2022,Acre,94.4,,4.8,
2022,Acre,89.0,,6.7,
2022,Acre,99.7,90.1,0.3,5.5
2022,Acre,99.7,90.1,0.3,5.5
2022,Acre,92.4,83.1,4.8,7.7
2022,Acre,94.6,85.3,4.3,9.4
2022,Acre,88.2,77.2,5.6,2.9
2022,Amazonas,93.2,85.1,4.4,7.1
2022,Amazonas,94.5,84.9,3.9,7.7
2022,Amazonas,89.6,85.8,5.8,4.7
2022,Amazonas,96.6,91.7,3.4,7.6
2022,Amazonas,96.6,91.9,3.4,7.4
2022,Amazonas,,90.1,,9.8
2022,Amazonas,94.7,84.3,3.9,7.3
2022,Amazonas,94.9,83.9,3.7,8.0
2022,Amazonas,91.5,85.7,5.4,4.6
2022,Amazonas,91.9,,5.1,
2022,Amazonas,93.4,,4.6,
2022,Amazonas,89.4,,5.9,
2022,Amazonas,98.9,97.0,0.8,2.8
2022,Amazonas,98.9,97.0,0.8,2.8
2022,Amazonas,99.4,98.0,0.6,2.0
2022,Amazonas,92.8,84.5,4.7,7.3
2022,Amazonas,94.0,84.2,4.3,8.0
2022,Amazonas,89.6,85.7,5.9,4.7
2022,Roraima,93.8,82.8,4.3,8.6
2022,Roraima,94.2,83.2,4.4,9.6
2022,Roraima,92.6,81.1,4.2,4.3
2022,Roraima,99.7,93.3,0.3,5.4
2022,Roraima,99.7,95.0,0.3,4.5
2022,Roraima,,89.0,,7.4
2022,Roraima,91.0,81.3,5.6,9.1
2022,Roraima,91.4,81.6,6.1,10.4
2022,Roraima,90.5,80.3,4.9,4.1
2022,Roraima,95.5,,3.7,
2022,Roraima,95.3,,3.8,
2022,Roraima,96.3,,2.9,
2022,Roraima,99.2,97.3,0.8,2.4
2022,Roraima,99.2,97.3,0.8,2.5
2022,Roraima,,95.5,,0.0
2022,Roraima,93.4,82.0,4.6,8.9
2022,Roraima,93.7,82.3,4.7,10.1
2022,Roraima,92.6,81.0,4.2,4.3
2022,Pará,86.7,78.4,10.2,10.8
2022,Pará,89.5,78.6,8.4,11.2
2022,Pará,81.5,76.7,13.8,8.3
2022,Pará,98.7,87.7,1.2,9.4
2022,Pará,98.7,87.8,1.2,9.6
2022,Pará,,81.8,,3.5
2022,Pará,86.6,76.4,10.8,11.7
2022,Pará,86.8,76.4,10.7,12.2
2022,Pará,83.9,76.5,11.9,8.5
2022,Pará,85.3,80.6,11.2,13.0
2022,Pará,88.2,80.6,9.3,13.0
2022,Pará,81.4,,13.9,
2022,Pará,98.9,98.0,1.0,1.4
2022,Pará,98.9,98.2,0.9,1.4
2022,Pará,93.4,91.3,5.4,1.3
2022,Pará,85.5,76.7,11.2,11.6
2022,Pará,87.9,76.7,9.6,12.1
2022,Pará,81.5,76.5,13.8,8.4
2022,Amapá,88.8,81.7,9.5,11.5
2022,Amapá,89.8,82.3,8.7,11.9
2022,Amapá,85.2,78.4,12.3,9.3
2022,Amapá,,93.2,,4.9
2022,Amapá,,93.2,,4.9
2022,Amapá,86.4,79.4,11.3,13.0
2022,Amapá,87.0,79.7,11.0,13.6
2022,Amapá,84.5,77.9,12.3,9.7
2022,Amapá,89.6,,9.0,
2022,Amapá,90.5,,8.2,
2022,Amapá,86.4,,12.3,
2022,Amapá,99.5,98.9,0.3,0.4
2022,Amapá,99.6,99.5,0.3,0.5
2022,Amapá,91.7,90.1,1.7,0.0
2022,Amapá,87.7,80.3,10.4,12.5
2022,Amapá,88.5,80.7,9.8,13.0
2022,Amapá,85.2,77.9,12.3,9.7
2022,Tocantins,95.9,92.2,3.6,4.3
2022,Tocantins,96.2,92.4,3.3,4.2
2022,Tocantins,93.2,89.9,5.3,5.6
2022,Tocantins,,90.1,,9.7
2022,Tocantins,,90.7,,9.2
2022,Tocantins,,88.5,,11.1
2022,Tocantins,94.7,91.9,4.0,4.1
2022,Tocantins,95.3,92.1,3.8,4.1
2022,Tocantins,90.5,89.7,6.0,4.8
2022,Tocantins,96.0,,3.7,
2022,Tocantins,96.3,,3.4,
2022,Tocantins,94.3,,5.1,
2022,Tocantins,98.7,96.7,1.2,2.9
2022,Tocantins,98.7,96.6,1.2,2.9
2022,Tocantins,99.5,98.2,0.5,1.8
2022,Tocantins,95.5,91.8,3.8,4.4
2022,Tocantins,95.9,92.1,3.6,4.2
2022,Tocantins,93.1,89.5,5.4,5.8
2022,Maranhão,93.9,90.6,4.4,4.6
2022,Maranhão,94.3,91.3,4.2,4.4
2022,Maranhão,93.4,86.4,4.6,5.9
2022,Maranhão,96.1,85.9,3.7,11.5
2022,Maranhão,95.0,85.9,4.7,12.3
2022,Maranhão,98.6,85.9,1.4,8.5
2022,Maranhão,89.9,90.5,6.5,4.5
2022,Maranhão,96.4,91.2,2.6,4.2
2022,Maranhão,82.7,86.2,11.0,6.0
2022,Maranhão,93.4,92.6,4.8,1.1
2022,Maranhão,93.2,84.7,5.0,0.0
2022,Maranhão,93.6,95.0,4.5,1.4
2022,Maranhão,98.9,95.8,1.0,2.2
2022,Maranhão,98.9,97.3,1.0,1.9
2022,Maranhão,98.4,82.5,1.1,4.2
2022,Maranhão,93.3,90.3,4.8,4.8
2022,Maranhão,93.3,91.0,4.9,4.5
2022,Maranhão,93.3,86.6,4.7,5.9
2022,Piauí,93.8,90.5,4.9,1.7
2022,Piauí,94.3,90.8,4.5,1.7
2022,Piauí,92.4,84.9,6.1,2.1
2022,Piauí,,92.6,,6.4
2022,Piauí,,93.0,,6.0
2022,Piauí,,89.2,,10.2
2022,Piauí,95.4,89.6,1.2,1.2
2022,Piauí,95.5,90.0,1.2,1.2
2022,Piauí,88.8,84.3,1.6,1.3
2022,Piauí,92.9,,5.7,
2022,Piauí,93.1,,5.6,
2022,Piauí,92.4,,6.1,
2022,Piauí,98.2,96.5,1.6,3.1
2022,Piauí,98.2,96.5,1.6,3.1
2022,Piauí,94.8,98.6,4.2,0.0
2022,Piauí,93.1,89.8,5.4,1.6
2022,Piauí,93.4,90.1,5.2,1.5
2022,Piauí,92.4,84.7,6.1,2.1
2022,Ceará,99.1,96.4,0.6,0.7
2022,Ceará,99.0,96.3,0.6,0.7
2022,Ceará,99.3,96.8,0.4,0.8
2022,Ceará,95.4,80.1,4.4,17.2
2022,Ceará,95.4,79.9,4.4,17.3
2022,Ceará,,83.0,,15.4
2022,Ceará,97.9,96.7,0.5,0.2
2022,Ceará,98.0,96.7,0.3,0.2
2022,Ceará,97.7,97.1,1.1,0.5
2022,Ceará,99.0,,0.5,
2022,Ceará,99.0,,0.6,
2022,Ceará,99.3,,0.4,
2022,Ceará,99.2,95.6,0.7,1.7
2022,Ceará,99.2,95.6,0.7,1.7
2022,Ceará,99.6,100.0,0.4,0.0
2022,Ceará,99.0,96.4,0.5,0.6
2022,Ceará,98.9,96.4,0.6,0.5
2022,Ceará,99.3,96.8,0.4,0.8
2022,Rio Grande do Norte,86.9,76.0,11.1,13.9
2022,Rio Grande do Norte,87.1,76.1,10.9,14.0
2022,Rio Grande do Norte,85.9,74.6,12.1,10.7
2022,Rio Grande do Norte,100.0,90.0,0.0,8.7
2022,Rio Grande do Norte,100.0,90.2,0.0,8.5
2022,Rio Grande do Norte,,88.3,,10.3
2022,Rio Grande do Norte,81.9,70.9,14.8,16.5
2022,Rio Grande do Norte,81.9,71.0,14.8,16.7
2022,Rio Grande do Norte,81.9,69.8,14.6,10.8
2022,Rio Grande do Norte,84.2,,13.5,
2022,Rio Grande do Norte,83.6,,14.0,
2022,Rio Grande do Norte,86.0,,12.0,
2022,Rio Grande do Norte,98.3,95.3,1.5,2.9
2022,Rio Grande do Norte,98.3,95.3,1.5,2.9
2022,Rio Grande do Norte,98.0,92.3,1.8,7.7
2022,Rio Grande do Norte,83.6,73.1,13.8,15.6
2022,Rio Grande do Norte,83.1,73.0,14.2,15.8
2022,Rio Grande do Norte,85.7,74.5,12.2,10.7
2022,Paraíba,92.2,84.5,5.6,6.1
2022,Paraíba,92.0,84.5,5.7,6.1
2022,Paraíba,93.2,84.6,5.0,5.1
2022,Paraíba,100.0,91.7,0.0,6.7
2022,Paraíba,100.0,91.7,0.0,6.8
2022,Paraíba,,91.7,,5.0
2022,Paraíba,86.6,82.1,7.4,6.7
2022,Paraíba,86.4,82.0,7.5,6.7
2022,Paraíba,88.3,84.2,6.3,5.2
2022,Paraíba,91.2,80.4,6.6,1.5
2022,Paraíba,90.6,62.9,7.0,3.1
2022,Paraíba,93.6,97.9,4.9,0.0
2022,Paraíba,98.8,97.7,1.0,1.7
2022,Paraíba,98.8,97.7,0.9,1.7
2022,Paraíba,94.0,,5.2,
2022,Paraíba,90.5,82.7,6.7,6.7
2022,Paraíba,89.9,82.6,7.1,6.7
2022,Paraíba,93.2,84.6,5.0,5.1
2022,Pernambuco,94.8,93.8,4.4,4.7
2022,Pernambuco,95.1,94.1,4.2,4.6
2022,Pernambuco,93.6,89.7,5.5,6.8
2022,Pernambuco,97.5,79.1,2.4,16.8
2022,Pernambuco,97.5,76.9,2.4,18.5
2022,Pernambuco,,85.4,,11.7
2022,Pernambuco,94.6,93.8,4.6,4.7
2022,Pernambuco,95.5,94.1,3.9,4.6
2022,Pernambuco,88.5,90.0,9.4,6.4
2022,Pernambuco,93.5,97.4,5.6,1.6
2022,Pernambuco,93.3,,5.7,
2022,Pernambuco,94.1,97.4,5.2,1.6
2022,Pernambuco,98.5,97.2,1.3,2.2
2022,Pernambuco,98.5,97.2,1.3,2.2
2022,Pernambuco,95.3,97.3,4.5,2.4
2022,Pernambuco,93.6,93.4,5.4,5.0
2022,Pernambuco,93.7,93.7,5.4,4.9
2022,Pernambuco,93.6,89.7,5.5,6.8
2022,Alagoas,93.7,86.3,4.7,7.0
2022,Alagoas,93.3,86.4,5.0,7.0
2022,Alagoas,95.1,86.0,3.8,7.1
2022,Alagoas,,83.4,,11.4
2022,Alagoas,,83.4,,11.4
2022,Alagoas,89.0,85.0,8.5,7.4
2022,Alagoas,88.9,84.9,8.5,7.4
2022,Alagoas,90.6,86.0,7.7,7.2
2022,Alagoas,93.3,,5.0,
2022,Alagoas,92.4,,5.5,
2022,Alagoas,95.2,,3.7,
2022,Alagoas,98.5,96.9,1.2,2.6
2022,Alagoas,98.5,96.9,1.2,2.6
2022,Alagoas,97.0,96.6,2.1,0.0
2022,Alagoas,92.8,84.9,5.4,7.6
2022,Alagoas,91.9,84.8,6.0,7.6
2022,Alagoas,95.1,86.0,3.8,7.2
2022,Sergipe,87.3,84.9,11.0,10.5
2022,Sergipe,88.5,85.0,10.1,10.5
2022,Sergipe,83.2,83.9,14.3,9.3
2022,Sergipe,91.8,87.0,8.2,12.3
2022,Sergipe,91.8,85.6,8.2,13.8
2022,Sergipe,,89.2,,9.8
2022,Sergipe,85.3,82.7,13.5,11.8
2022,Sergipe,85.1,82.7,13.7,12.0
2022,Sergipe,89.7,82.6,9.1,9.2
2022,Sergipe,83.5,,14.0,
2022,Sergipe,83.9,,13.6,
2022,Sergipe,82.7,,14.7,
2022,Sergipe,98.3,97.5,1.6,2.2
2022,Sergipe,98.3,97.5,1.6,2.2
2022,Sergipe,98.4,,1.5,
2022,Sergipe,84.0,82.8,13.9,11.9
2022,Sergipe,84.4,82.7,13.6,12.0
2022,Sergipe,82.9,83.9,14.5,9.3
2022,Bahia,88.2,73.2,8.9,15.1
2022,Bahia,88.7,72.9,8.5,15.5
2022,Bahia,86.6,76.5,10.1,10.0
2022,Bahia,98.1,88.8,1.9,7.9
2022,Bahia,98.1,87.8,1.9,8.7
2022,Bahia,,94.4,,3.7
2022,Bahia,75.4,70.4,19.1,16.6
2022,Bahia,75.4,70.1,19.3,17.0
2022,Bahia,75.4,74.0,15.9,11.2
2022,Bahia,87.0,81.4,9.7,3.7
2022,Bahia,87.2,78.8,9.6,4.5
2022,Bahia,86.6,82.6,10.1,3.4
2022,Bahia,98.4,96.2,1.4,2.8
2022,Bahia,98.4,96.5,1.3,2.8
2022,Bahia,95.8,91.7,3.4,3.2
2022,Bahia,86.3,70.8,10.3,16.3
2022,Bahia,86.1,70.4,10.4,16.8
2022,Bahia,86.5,75.4,10.2,10.5
2022,Minas Gerais,95.7,85.8,3.5,7.4
2022,Minas Gerais,95.6,85.6,3.6,7.5
2022,Minas Gerais,97.0,90.9,2.4,4.4
2022,Minas Gerais,95.7,90.9,4.3,8.4
2022,Minas Gerais,95.7,90.5,4.3,8.7
2022,Minas Gerais,,92.0,,7.3
2022,Minas Gerais,93.6,84.2,4.8,8.0
2022,Minas Gerais,93.5,84.1,4.9,8.1
2022,Minas Gerais,96.1,90.4,2.6,3.0
2022,Minas Gerais,96.5,91.3,3.1,6.1
2022,Minas Gerais,96.4,91.4,3.2,6.1
2022,Minas Gerais,97.3,89.8,2.3,6.4
2022,Minas Gerais,98.8,95.5,1.2,2.9
2022,Minas Gerais,98.8,95.6,1.2,2.9
2022,Minas Gerais,95.5,90.8,3.9,4.3
2022,Minas Gerais,95.2,84.5,3.9,8.0
2022,Minas Gerais,95.0,84.3,4.0,8.1
2022,Minas Gerais,97.0,90.9,2.4,4.4
2022,Espírito Santo,94.4,92.1,5.1,6.1
2022,Espírito Santo,94.4,92.0,5.2,6.2
2022,Espírito Santo,94.7,94.2,5.0,4.4
2022,Espírito Santo,,90.9,,7.1
2022,Espírito Santo,,90.3,,7.5
2022,Espírito Santo,,93.2,,5.7
2022,Espírito Santo,94.8,91.4,4.6,6.6
2022,Espírito Santo,94.7,91.3,4.6,6.7
2022,Espírito Santo,95.7,94.9,4.1,3.6
2022,Espírito Santo,93.4,,6.1,
2022,Espírito Santo,93.3,,6.2,
2022,Espírito Santo,94.5,,5.2,
2022,Espírito Santo,99.2,97.5,0.8,2.2
2022,Espírito Santo,99.3,97.8,0.7,2.1
2022,Espírito Santo,96.2,94.4,3.4,3.8
2022,Espírito Santo,93.7,91.4,5.8,6.7
2022,Espírito Santo,93.6,91.2,5.9,6.8
2022,Espírito Santo,94.6,94.1,5.1,4.5
2022,Rio de Janeiro,92.2,83.0,7.0,11.7
2022,Rio de Janeiro,92.3,82.9,6.9,11.8
2022,Rio de Janeiro,89.4,87.7,9.8,8.5
2022,Rio de Janeiro,95.0,84.1,4.8,13.0
2022,Rio de Janeiro,95.0,84.4,4.8,12.9
2022,Rio de Janeiro,,73.7,,16.6
2022,Rio de Janeiro,85.7,79.9,12.3,13.6
2022,Rio de Janeiro,85.8,79.6,12.3,13.8
2022,Rio de Janeiro,83.9,87.9,14.1,8.4
2022,Rio de Janeiro,90.6,83.4,8.4,7.8
2022,Rio de Janeiro,90.7,83.4,8.3,7.8
2022,Rio de Janeiro,89.3,,9.9,
2022,Rio de Janeiro,97.6,94.5,2.2,4.3
2022,Rio de Janeiro,97.6,94.5,2.2,4.3
2022,Rio de Janeiro,97.3,97.0,2.6,2.9
2022,Rio de Janeiro,90.1,80.1,8.8,13.6
2022,Rio de Janeiro,90.2,79.8,8.7,13.7
2022,Rio de Janeiro,88.9,87.3,10.2,8.7
2022,São Paulo,98.1,91.4,1.5,5.3
2022,São Paulo,98.1,91.3,1.5,5.4
2022,São Paulo,98.3,95.9,1.5,2.2
2022,São Paulo,99.5,95.8,0.5,3.9
2022,São Paulo,99.5,95.8,0.5,3.9
2022,São Paulo,97.5,90.0,1.5,6.0
2022,São Paulo,97.5,89.9,1.5,6.1
2022,São Paulo,98.7,95.8,0.8,2.2
2022,São Paulo,98.0,95.1,1.7,4.0
2022,São Paulo,98.0,95.1,1.7,4.0
2022,São Paulo,98.0,97.3,1.9,2.2
2022,São Paulo,99.3,98.3,0.7,1.6
2022,São Paulo,99.3,98.3,0.7,1.6
2022,São Paulo,98.9,97.0,1.1,2.9
2022,São Paulo,97.8,90.2,1.6,6.0
2022,São Paulo,97.8,90.1,1.6,6.0
2022,São Paulo,98.2,95.8,1.5,2.2
2022,Paraná,95.2,89.6,4.4,6.8
2022,Paraná,95.2,89.5,4.4,6.8
2022,Paraná,94.9,91.8,4.8,5.2
2022,Paraná,96.5,90.1,3.5,8.0
2022,Paraná,96.5,90.1,3.5,8.1
2022,Paraná,,90.0,,5.6
2022,Paraná,93.3,88.3,5.7,7.5
2022,Paraná,93.2,88.1,5.8,7.6
2022,Paraná,94.4,91.8,4.8,5.2
2022,Paraná,95.7,100.0,4.3,0.0
2022,Paraná,95.7,100.0,4.3,0.0
2022,Paraná,95.1,,4.8,
2022,Paraná,98.8,97.8,1.2,2.1
2022,Paraná,98.8,97.8,1.2,2.1
2022,Paraná,98.6,96.1,1.2,3.7
2022,Paraná,94.6,88.3,4.9,7.5
2022,Paraná,94.6,88.2,5.0,7.6
2022,Paraná,94.8,91.7,4.8,5.2
2022,Santa Catarina,94.5,83.2,5.2,11.8
2022,Santa Catarina,94.4,83.0,5.2,12.0
2022,Santa Catarina,95.7,90.3,4.0,7.2
2022,Santa Catarina,96.0,88.3,4.0,9.2
2022,Santa Catarina,96.0,88.0,4.0,9.5
2022,Santa Catarina,,92.9,,4.8
2022,Santa Catarina,89.9,80.6,9.5,13.5
2022,Santa Catarina,89.7,80.4,9.7,13.6
2022,Santa Catarina,92.7,89.5,6.7,7.8
2022,Santa Catarina,96.0,93.7,3.7,3.8
2022,Santa Catarina,95.9,94.3,3.8,5.7
2022,Santa Catarina,96.8,92.5,3.0,0.0
2022,Santa Catarina,99.1,97.3,0.9,2.5
2022,Santa Catarina,99.1,97.3,0.9,2.4
2022,Santa Catarina,98.3,93.5,1.7,6.3
2022,Santa Catarina,93.7,81.0,5.8,13.3
2022,Santa Catarina,93.6,80.8,6.0,13.4
2022,Santa Catarina,95.7,90.0,4.0,7.3
2022,Rio Grande do Sul,93.1,82.2,5.9,8.3
2022,Rio Grande do Sul,93.1,82.2,5.9,8.2
2022,Rio Grande do Sul,93.1,81.5,5.9,10.4
2022,Rio Grande do Sul,96.0,83.5,4.0,11.9
2022,Rio Grande do Sul,96.0,83.7,4.0,11.4
2022,Rio Grande do Sul,,83.0,,13.8
2022,Rio Grande do Sul,93.1,80.1,5.6,8.9
2022,Rio Grande do Sul,93.1,80.0,5.7,8.8
2022,Rio Grande do Sul,93.7,80.1,4.9,9.9
2022,Rio Grande do Sul,91.7,79.2,7.3,8.2
2022,Rio Grande do Sul,91.5,78.4,7.5,8.6
2022,Rio Grande do Sul,92.9,84.8,6.2,5.6
2022,Rio Grande do Sul,98.6,96.4,1.4,2.9
2022,Rio Grande do Sul,98.6,96.4,1.4,2.9
2022,Rio Grande do Sul,98.3,96.2,1.7,1.1
2022,Rio Grande do Sul,92.2,80.2,6.7,9.0
2022,Rio Grande do Sul,92.1,80.2,6.8,8.9
2022,Rio Grande do Sul,93.1,80.9,5.9,10.8
2022,Mato Grosso do Sul,91.1,84.2,8.2,11.1
2022,Mato Grosso do Sul,91.9,84.5,7.5,11.0
2022,Mato Grosso do Sul,84.9,81.4,13.6,12.9
2022,Mato Grosso do Sul,98.0,88.7,2.0,7.6
2022,Mato Grosso do Sul,98.0,87.6,2.0,8.3
2022,Mato Grosso do Sul,,93.8,,4.3
2022,Mato Grosso do Sul,91.3,82.5,7.4,12.4
2022,Mato Grosso do Sul,91.4,82.8,7.3,12.2
2022,Mato Grosso do Sul,89.8,78.3,9.6,15.0
2022,Mato Grosso do Sul,89.6,97.1,9.8,2.9
2022,Mato Grosso do Sul,90.5,,9.1,
2022,Mato Grosso do Sul,83.7,97.1,14.5,2.9
2022,Mato Grosso do Sul,98.8,96.8,1.2,2.5
2022,Mato Grosso do Sul,98.8,96.8,1.2,2.5
2022,Mato Grosso do Sul,98.9,97.0,1.1,1.8
2022,Mato Grosso do Sul,90.1,82.8,9.2,12.1
2022,Mato Grosso do Sul,90.8,83.0,8.5,12.0
2022,Mato Grosso do Sul,84.7,80.6,13.7,13.4
2022,Mato Grosso,98.2,73.4,1.3,16.9
2022,Mato Grosso,98.2,72.8,1.3,17.3
2022,Mato Grosso,98.1,78.2,1.3,14.3
2022,Mato Grosso,,91.6,,7.2
2022,Mato Grosso,,92.1,,6.5
2022,Mato Grosso,,89.7,,9.4
2022,Mato Grosso,97.7,70.0,1.5,19.0
2022,Mato Grosso,97.6,69.1,1.5,19.5
2022,Mato Grosso,97.9,76.8,1.4,14.9
2022,Mato Grosso,98.5,,1.3,
2022,Mato Grosso,98.5,,1.4,
2022,Mato Grosso,98.3,,1.2,
2022,Mato Grosso,99.2,97.1,0.8,1.8
2022,Mato Grosso,99.2,97.1,0.8,1.8
2022,Mato Grosso,100.0,100.0,0.0,0.0
2022,Mato Grosso,98.1,71.2,1.4,18.3
2022,Mato Grosso,98.1,70.2,1.4,18.9
2022,Mato Grosso,98.1,78.1,1.3,14.4
2022,Goiás,96.9,95.5,2.6,2.9
2022,Goiás,97.0,95.5,2.5,2.9
2022,Goiás,95.5,95.8,4.0,2.9
2022,Goiás,93.7,86.1,6.3,12.3
2022,Goiás,93.7,85.4,6.3,13.2
2022,Goiás,,88.6,,9.3
2022,Goiás,97.8,95.5,1.7,2.7
2022,Goiás,97.8,95.5,1.7,2.7
2022,Goiás,98.1,98.0,1.4,0.7
2022,Goiás,95.9,93.8,3.6,4.0
2022,Goiás,95.9,93.0,3.5,4.3
2022,Goiás,94.9,98.5,4.6,1.5
2022,Goiás,99.0,97.6,1.0,2.0
2022,Goiás,99.0,97.6,1.0,2.0
2022,Goiás,99.2,99.2,0.8,0.8
2022,Goiás,96.5,95.2,2.9,3.0
2022,Goiás,96.6,95.2,2.9,3.0
2022,Goiás,95.4,95.3,4.1,3.2
2022,Distrito Federal,94.6,88.2,4.8,8.2
2022,Distrito Federal,94.7,88.2,4.7,8.2
2022,Distrito Federal,93.0,87.7,6.5,9.0
2022,Distrito Federal,98.1,88.2,1.9,8.4
2022,Distrito Federal,98.1,89.9,1.9,7.5
2022,Distrito Federal,,78.1,,13.8
2022,Distrito Federal,93.1,85.4,6.2,9.9
2022,Distrito Federal,93.1,85.4,6.2,9.9
2022,Distrito Federal,92.8,88.0,6.6,9.3
2022,Distrito Federal,99.1,96.9,0.9,2.6
2022,Distrito Federal,99.1,96.9,0.9,2.6
2022,Distrito Federal,100.0,99.2,0.0,0.8
2022,Distrito Federal,93.1,85.6,6.2,9.8
2022,Distrito Federal,93.1,85.5,6.1,9.8
2022,Distrito Federal,92.8,86.0,6.6,10.2
Fonte: Censo da Educação Básica 2022/INEP.,,,,,
2023,Brasil,95.8,91.3,3.5,5.3
2023,Brasil,96.2,91.3,3.2,5.4
2023,Brasil,93.1,92.5,5.5,3.9
2023,Brasil,96.5,90.3,3.4,8.3
2023,Brasil,96.5,90.1,3.4,8.4
2023,Brasil,,91.3,,7.7
2023,Brasil,95.4,90.5,3.6,5.7
2023,Brasil,95.5,90.4,3.6,5.8
2023,Brasil,93.5,92.6,4.6,3.6
2023,Brasil,95.0,93.7,4.2,4.2
2023,Brasil,95.5,93.6,3.9,4.4
2023,Brasil,93.0,94.8,5.7,2.4
2023,Brasil,98.9,97.1,1.0,2.3
2023,Brasil,99.0,97.2,1.0,2.3
2023,Brasil,97.4,93.7,2.3,3.2
2023,Brasil,95.1,90.5,4.1,5.7
2023,Brasil,95.5,90.4,3.8,5.9
2023,Brasil,93.1,92.5,5.5,3.9
2023,Norte,93.4,93.9,5.1,3.7
2023,Norte,95.3,94.1,3.8,3.9
2023,Norte,88.4,92.7,8.6,2.9
2023,Norte,96.7,92.5,3.2,6.5
2023,Norte,96.7,92.3,3.2,6.7
2023,Norte,,93.7,,5.4
2023,Norte,95.4,93.6,3.4,3.7
2023,Norte,96.2,93.8,3.1,3.9
2023,Norte,90.8,92.8,5.1,2.8
2023,Norte,91.9,100.0,6.4,0.0
2023,Norte,94.1,100.0,4.8,0.0
2023,Norte,88.0,,9.1,
2023,Norte,99.0,97.3,0.9,2.0
2023,Norte,99.0,97.7,0.8,1.9
2023,Norte,95.7,88.9,3.6,3.5
2023,Norte,92.9,93.6,5.5,3.8
2023,Norte,94.8,93.8,4.2,4.0
2023,Norte,88.3,92.8,8.6,2.9
2023,Nordeste,94.8,92.5,4.2,4.1
2023,Nordeste,95.0,92.5,4.1,4.1
2023,Nordeste,94.0,92.2,4.9,3.8
2023,Nordeste,98.0,88.9,2.0,9.5
2023,Nordeste,98.0,88.7,2.0,9.7
2023,Nordeste,,90.3,,8.5
2023,Nordeste,91.8,92.1,6.3,4.1
2023,Nordeste,92.1,92.1,6.2,4.1
2023,Nordeste,89.2,92.4,7.8,3.5
2023,Nordeste,94.1,93.4,4.8,2.3
2023,Nordeste,94.1,89.7,4.9,3.3
2023,Nordeste,94.2,95.5,4.8,1.7
2023,Nordeste,98.8,97.1,1.0,2.3
2023,Nordeste,98.9,97.2,1.0,2.2
2023,Nordeste,96.8,91.0,2.8,4.1
2023,Nordeste,93.9,92.0,5.0,4.3
2023,Nordeste,93.9,91.9,5.0,4.3
2023,Nordeste,94.0,92.3,4.9,3.8
2023,Sudeste,96.9,90.6,2.6,5.9
2023,Sudeste,97.0,90.5,2.6,6.0
2023,Sudeste,96.1,93.2,3.5,4.6
2023,Sudeste,95.9,91.0,4.0,7.9
2023,Sudeste,95.9,91.0,4.0,7.9
2023,Sudeste,,91.3,,8.1
2023,Sudeste,96.1,89.3,2.9,6.6
2023,Sudeste,96.0,89.2,2.9,6.6
2023,Sudeste,96.4,93.2,3.0,4.2
2023,Sudeste,96.6,95.4,3.0,3.4
2023,Sudeste,96.7,95.4,3.0,3.5
2023,Sudeste,96.0,95.4,3.7,2.2
2023,Sudeste,99.0,97.3,1.0,2.4
2023,Sudeste,99.0,97.3,1.0,2.3
2023,Sudeste,98.4,96.3,1.5,2.5
2023,Sudeste,96.4,89.4,3.0,6.6
2023,Sudeste,96.4,89.3,3.0,6.6
2023,Sudeste,96.1,93.0,3.6,4.7
2023,Sul,95.8,88.4,3.9,7.6
2023,Sul,95.8,88.2,3.9,7.7
2023,Sul,95.6,91.2,4.0,5.6
2023,Sul,97.0,90.1,3.0,8.3
2023,Sul,97.0,89.9,3.0,8.5
2023,Sul,,91.7,,7.1
2023,Sul,94.5,86.9,5.0,8.4
2023,Sul,94.5,86.8,5.0,8.5
2023,Sul,95.2,90.9,4.1,5.5
2023,Sul,95.7,78.8,4.0,14.7
2023,Sul,95.7,76.9,4.0,16.2
2023,Sul,95.7,89.7,4.0,6.0
2023,Sul,99.1,96.7,0.9,2.5
2023,Sul,99.1,96.7,0.9,2.5
2023,Sul,98.5,96.5,1.5,3.1
2023,Sul,95.2,87.0,4.4,8.4
2023,Sul,95.2,86.8,4.4,8.6
2023,Sul,95.5,91.0,4.1,5.7
2023,Centro-Oeste,97.0,93.5,2.7,4.4
2023,Centro-Oeste,97.1,93.5,2.6,4.4
2023,Centro-Oeste,95.1,93.4,4.3,4.8
2023,Centro-Oeste,98.0,90.9,2.0,7.0
2023,Centro-Oeste,98.0,90.9,2.0,6.9
2023,Centro-Oeste,,91.2,,7.6
2023,Centro-Oeste,96.7,93.1,2.8,4.6
2023,Centro-Oeste,96.7,93.1,2.8,4.7
2023,Centro-Oeste,96.9,93.5,2.8,4.3
2023,Centro-Oeste,96.4,92.8,3.3,5.6
2023,Centro-Oeste,96.7,93.4,3.1,4.3
2023,Centro-Oeste,94.1,91.0,5.1,9.0
2023,Centro-Oeste,99.1,96.6,0.9,2.3
2023,Centro-Oeste,99.1,96.6,0.9,2.3
2023,Centro-Oeste,98.5,98.2,1.5,1.6
2023,Centro-Oeste,96.5,93.0,3.0,4.8
2023,Centro-Oeste,96.7,93.0,2.9,4.8
2023,Centro-Oeste,95.1,93.1,4.3,4.9
2023,Rondônia,96.1,91.0,3.2,5.1
2023,Rondônia,96.5,91.0,2.8,5.1
2023,Rondônia,93.8,91.1,5.1,3.8
2023,Rondônia,,94.8,,5.0
2023,Rondônia,,94.5,,5.3
2023,Rondônia,,95.7,,4.0
2023,Rondônia,96.0,90.4,2.6,5.1
2023,Rondônia,96.3,90.5,2.5,5.2
2023,Rondônia,91.9,87.8,4.0,3.5
2023,Rondônia,95.6,,4.1,
2023,Rondônia,96.1,,3.7,
2023,Rondônia,94.0,,5.5,
2023,Rondônia,98.6,95.1,1.4,4.4
2023,Rondônia,98.8,95.4,1.2,4.4
2023,Rondônia,97.2,93.7,2.8,4.1
2023,Rondônia,95.8,90.7,3.4,5.1
2023,Rondônia,96.2,90.7,3.1,5.2
2023,Rondônia,93.6,90.4,5.2,3.7
2023,Acre,93.6,87.7,3.9,6.2
2023,Acre,96.0,89.3,3.3,7.4
2023,Acre,88.7,83.2,5.1,2.6
2023,Acre,88.0,94.3,12.0,4.3
2023,Acre,88.0,93.2,12.0,5.1
2023,Acre,,98.1,,1.5
2023,Acre,93.0,86.8,3.8,6.6
2023,Acre,95.7,88.4,3.5,8.0
2023,Acre,86.3,82.5,4.5,2.6
2023,Acre,93.7,,4.6,
2023,Acre,95.7,,3.7,
2023,Acre,91.2,,5.8,
2023,Acre,99.6,96.8,0.4,1.6
2023,Acre,99.6,96.8,0.4,1.6
2023,Acre,93.3,87.2,4.1,6.5
2023,Acre,95.7,88.6,3.6,7.9
2023,Acre,88.7,83.2,5.1,2.6
2023,Amazonas,95.6,89.6,3.1,6.2
2023,Amazonas,96.9,89.8,2.5,6.5
2023,Amazonas,91.8,89.0,5.0,4.5
2023,Amazonas,98.4,91.8,1.6,7.7
2023,Amazonas,98.4,91.4,1.6,8.0
2023,Amazonas,,94.6,,5.1
2023,Amazonas,95.8,89.2,3.5,6.3
2023,Amazonas,96.0,89.3,3.3,6.7
2023,Amazonas,91.9,88.8,5.7,4.5
2023,Amazonas,95.1,,3.2,
2023,Amazonas,97.0,,2.2,
2023,Amazonas,91.7,,4.9,
2023,Amazonas,99.1,96.9,0.8,2.7
2023,Amazonas,99.1,96.8,0.8,2.7
2023,Amazonas,97.2,100.0,2.8,0.0
2023,Amazonas,95.3,89.3,3.3,6.3
2023,Amazonas,96.6,89.4,2.6,6.8
2023,Amazonas,91.8,88.9,5.0,4.5
2023,Roraima,94.6,88.0,4.1,7.7
2023,Roraima,95.0,88.1,4.1,8.8
2023,Roraima,93.6,87.6,4.3,3.7
2023,Roraima,98.4,92.1,1.6,5.3
2023,Roraima,98.4,92.1,1.6,4.8
2023,Roraima,,92.1,,6.4
2023,Roraima,92.1,87.2,5.7,8.1
2023,Roraima,92.1,87.3,6.3,9.4
2023,Roraima,92.2,87.1,4.8,3.5
2023,Roraima,96.2,,3.2,
2023,Roraima,96.2,,3.2,
2023,Roraima,96.2,,3.3,
2023,Roraima,98.8,96.0,1.1,3.9
2023,Roraima,98.8,95.9,1.1,3.9
2023,Roraima,,100.0,,0.0
2023,Roraima,94.3,87.6,4.3,7.9
2023,Roraima,94.6,87.6,4.4,9.1
2023,Roraima,93.6,87.6,4.3,3.7
2023,Pará,91.3,98.7,7.0,0.9
2023,Pará,94.0,99.0,4.9,0.8
2023,Pará,85.9,97.6,11.1,1.5
2023,Pará,97.3,91.1,2.6,7.1
2023,Pará,97.3,91.1,2.6,7.3
2023,Pará,,91.2,,3.7
2023,Pará,99.2,99.0,0.6,0.7
2023,Pará,99.3,99.3,0.5,0.5
2023,Pará,98.2,97.9,1.3,1.5
2023,Pará,89.3,100.0,8.6,0.0
2023,Pará,91.8,100.0,6.7,0.0
2023,Pará,85.5,,11.3,
2023,Pará,99.0,97.8,0.9,1.4
2023,Pará,99.0,98.3,0.9,1.3
2023,Pará,94.6,83.3,4.4,2.7
2023,Pará,90.5,98.8,7.6,0.9
2023,Pará,93.2,99.0,5.6,0.7
2023,Pará,85.9,97.8,11.1,1.5
2023,Amapá,91.4,86.6,7.5,8.6
2023,Amapá,92.1,87.3,7.0,8.8
2023,Amapá,88.6,82.0,9.5,7.5
2023,Amapá,,96.4,,3.4
2023,Amapá,,96.4,,3.4
2023,Amapá,89.2,84.9,9.3,9.6
2023,Amapá,89.7,85.4,9.1,10.0
2023,Amapá,87.9,82.0,9.7,7.6
2023,Amapá,92.4,,6.8,
2023,Amapá,93.0,,6.3,
2023,Amapá,90.0,,9.1,
2023,Amapá,99.5,98.2,0.3,0.9
2023,Amapá,99.7,99.5,0.2,0.5
2023,Amapá,75.7,82.1,12.2,5.8
2023,Amapá,90.6,85.5,8.2,9.3
2023,Amapá,91.1,86.2,7.9,9.5
2023,Amapá,88.7,82.0,9.5,7.6
2023,Tocantins,97.2,94.7,2.4,3.5
2023,Tocantins,97.6,94.9,2.1,3.3
2023,Tocantins,94.8,92.6,4.2,4.9
2023,Tocantins,,91.2,,8.4
2023,Tocantins,,91.6,,8.0
2023,Tocantins,,90.1,,9.6
2023,Tocantins,96.9,94.6,2.3,3.3
2023,Tocantins,97.3,94.8,2.1,3.2
2023,Tocantins,93.8,92.9,3.8,4.0
2023,Tocantins,97.1,,2.7,
2023,Tocantins,97.4,,2.4,
2023,Tocantins,95.2,,4.4,
2023,Tocantins,99.1,97.7,0.9,2.2
2023,Tocantins,99.2,97.8,0.8,2.1
2023,Tocantins,96.6,95.2,3.4,4.8
2023,Tocantins,97.0,94.5,2.6,3.6
2023,Tocantins,97.4,94.6,2.3,3.4
2023,Tocantins,94.7,92.5,4.2,4.9
2023,Maranhão,95.7,92.5,3.3,4.1
2023,Maranhão,96.1,92.9,3.0,4.1
2023,Maranhão,95.0,90.2,3.8,4.5
2023,Maranhão,97.1,90.1,2.6,8.6
2023,Maranhão,97.1,90.0,2.6,8.7
2023,Maranhão,,90.6,,8.3
2023,Maranhão,90.8,92.3,5.5,4.1
2023,Maranhão,97.7,92.7,1.6,4.1
2023,Maranhão,83.4,89.8,9.5,4.5
2023,Maranhão,95.4,99.0,3.6,0.1
2023,Maranhão,95.4,98.3,3.5,0.4
2023,Maranhão,95.3,99.3,3.6,0.0
2023,Maranhão,98.9,96.6,0.9,1.9
2023,Maranhão,99.0,97.9,0.9,1.6
2023,Maranhão,98.2,82.2,1.2,4.9
2023,Maranhão,95.2,92.3,3.6,4.3
2023,Maranhão,95.5,92.6,3.5,4.2
2023,Maranhão,94.9,90.5,3.8,4.5
2023,Piauí,97.1,96.5,2.4,1.5
2023,Piauí,97.3,96.6,2.2,1.6
2023,Piauí,96.3,96.0,3.0,1.0
2023,Piauí,,94.5,,4.6
2023,Piauí,,94.4,,4.8
2023,Piauí,,94.9,,2.8
2023,Piauí,98.4,96.7,0.8,1.1
2023,Piauí,98.4,96.7,0.8,1.1
2023,Piauí,97.0,96.1,1.5,0.7
2023,Piauí,96.7,,2.7,
2023,Piauí,96.8,,2.6,
2023,Piauí,96.3,,3.0,
2023,Piauí,98.7,96.9,1.2,2.8
2023,Piauí,98.7,96.9,1.2,2.8
2023,Piauí,99.0,100.0,1.0,0.0
2023,Piauí,96.8,96.5,2.6,1.4
2023,Piauí,97.0,96.5,2.4,1.4
2023,Piauí,96.3,96.0,3.0,1.0
2023,Ceará,99.3,96.9,0.5,1.1
2023,Ceará,99.2,96.9,0.6,1.1
2023,Ceará,99.4,97.7,0.5,0.6
2023,Ceará,98.2,83.9,1.8,14.1
2023,Ceará,98.2,83.9,1.8,14.0
2023,Ceará,,83.5,,16.0
2023,Ceará,98.0,97.1,0.8,0.8
2023,Ceará,98.2,97.0,0.7,0.8
2023,Ceará,97.4,98.0,1.2,0.3
2023,Ceará,99.3,,0.5,
2023,Ceará,99.2,,0.6,
2023,Ceará,99.4,,0.5,
2023,Ceará,99.3,97.9,0.6,1.7
2023,Ceará,99.3,97.9,0.6,1.7
2023,Ceará,99.3,95.4,0.7,0.0
2023,Ceará,99.3,96.8,0.5,1.0
2023,Ceará,99.2,96.8,0.6,1.1
2023,Ceará,99.4,97.7,0.5,0.6
2023,Rio Grande do Norte,89.4,79.9,9.1,12.0
2023,Rio Grande do Norte,89.6,79.9,9.0,12.1
2023,Rio Grande do Norte,88.7,81.7,9.9,9.0
2023,Rio Grande do Norte,100.0,89.1,0.0,10.3
2023,Rio Grande do Norte,100.0,88.9,0.0,10.4
2023,Rio Grande do Norte,,90.5,,9.4
2023,Rio Grande do Norte,85.2,75.8,12.0,14.0
2023,Rio Grande do Norte,85.3,75.7,12.0,14.2
2023,Rio Grande do Norte,84.5,78.2,12.0,9.0
2023,Rio Grande do Norte,87.2,,11.2,
2023,Rio Grande do Norte,86.7,,11.6,
2023,Rio Grande do Norte,88.8,,9.9,
2023,Rio Grande do Norte,98.6,95.8,1.3,2.6
2023,Rio Grande do Norte,98.6,95.8,1.3,2.6
2023,Rio Grande do Norte,98.4,100.0,1.5,0.0
2023,Rio Grande do Norte,86.8,77.4,11.4,13.5
2023,Rio Grande do Norte,86.3,77.2,11.7,13.7
2023,Rio Grande do Norte,88.6,81.5,10.1,9.1
2023,Paraíba,93.7,86.0,5.0,7.5
2023,Paraíba,93.5,86.1,5.1,7.4
2023,Paraíba,94.7,83.5,4.3,9.3
2023,Paraíba,100.0,93.1,0.0,6.4
2023,Paraíba,100.0,93.1,0.0,6.4
2023,Paraíba,,90.3,,5.8
2023,Paraíba,86.2,83.6,9.8,8.5
2023,Paraíba,86.0,83.6,9.9,8.4
2023,Paraíba,87.7,83.2,9.1,9.5
2023,Paraíba,93.2,78.8,5.4,11.9
2023,Paraíba,92.7,71.2,5.8,16.2
2023,Paraíba,95.1,95.9,4.0,2.0
2023,Paraíba,98.9,97.6,0.9,2.0
2023,Paraíba,98.9,97.6,0.9,2.0
2023,Paraíba,95.5,,4.1,
2023,Paraíba,92.3,84.2,6.0,8.3
2023,Paraíba,91.7,84.2,6.4,8.3
2023,Paraíba,94.7,83.5,4.3,9.3
2023,Pernambuco,96.2,95.2,3.4,3.9
2023,Pernambuco,96.4,95.4,3.2,3.8
2023,Pernambuco,95.3,91.6,4.3,6.0
2023,Pernambuco,97.1,86.4,2.9,10.5
2023,Pernambuco,97.1,86.6,2.9,9.7
2023,Pernambuco,,85.8,,12.8
2023,Pernambuco,95.4,95.1,4.1,4.0
2023,Pernambuco,96.1,95.3,3.6,3.9
2023,Pernambuco,91.0,92.3,7.6,5.2
2023,Pernambuco,95.3,83.1,4.2,5.8
2023,Pernambuco,95.2,,4.3,
2023,Pernambuco,95.7,83.1,4.0,5.8
2023,Pernambuco,98.8,97.5,1.0,2.1
2023,Pernambuco,98.9,97.5,1.0,2.0
2023,Pernambuco,95.1,92.9,4.7,7.1
2023,Pernambuco,95.3,94.9,4.2,4.2
2023,Pernambuco,95.3,95.1,4.2,4.0
2023,Pernambuco,95.3,91.6,4.3,5.9
2023,Alagoas,97.5,93.8,1.9,3.6
2023,Alagoas,97.2,93.7,2.1,3.7
2023,Alagoas,98.5,94.6,1.2,2.4
2023,Alagoas,,86.7,,10.8
2023,Alagoas,,86.7,,10.8
2023,Alagoas,94.5,93.9,3.9,3.2
2023,Alagoas,94.3,93.9,4.1,3.2
2023,Alagoas,98.6,94.6,1.1,2.4
2023,Alagoas,97.6,,1.9,
2023,Alagoas,97.2,,2.2,
2023,Alagoas,98.5,,1.2,
2023,Alagoas,98.8,96.8,1.1,2.8
2023,Alagoas,98.8,96.8,1.1,2.9
2023,Alagoas,97.6,100.0,2.4,0.0
2023,Alagoas,97.2,93.4,2.1,3.8
2023,Alagoas,96.7,93.3,2.4,3.8
2023,Alagoas,98.5,94.6,1.2,2.4
2023,Sergipe,91.7,89.7,7.4,7.7
2023,Sergipe,92.5,89.5,6.7,7.8
2023,Sergipe,88.8,91.9,9.8,6.2
2023,Sergipe,96.6,84.2,3.4,14.1
2023,Sergipe,96.6,80.9,3.4,17.2
2023,Sergipe,,89.7,,8.9
2023,Sergipe,91.1,88.4,7.9,8.5
2023,Sergipe,91.0,88.2,8.0,8.7
2023,Sergipe,95.4,92.4,3.7,5.6
2023,Sergipe,88.8,,9.9,
2023,Sergipe,89.1,,9.7,
2023,Sergipe,88.4,,10.2,
2023,Sergipe,98.7,97.7,1.2,1.9
2023,Sergipe,98.7,97.7,1.2,1.9
2023,Sergipe,99.5,,0.5,
2023,Sergipe,89.4,88.3,9.3,8.7
2023,Sergipe,89.8,88.0,9.1,8.8
2023,Sergipe,88.6,91.9,10.0,6.2
2023,Bahia,91.6,91.7,6.8,3.5
2023,Bahia,92.1,91.5,6.4,3.6
2023,Bahia,90.1,93.5,8.0,2.5
2023,Bahia,99.2,88.0,0.8,10.2
2023,Bahia,99.2,87.1,0.8,11.0
2023,Bahia,,93.9,,4.8
2023,Bahia,92.5,91.2,5.1,3.4
2023,Bahia,92.7,91.0,4.9,3.5
2023,Bahia,88.7,93.6,8.5,2.1
2023,Bahia,90.0,84.6,8.0,5.4
2023,Bahia,90.1,81.5,8.0,5.3
2023,Bahia,90.0,87.7,8.0,5.5
2023,Bahia,98.6,96.6,1.2,2.6
2023,Bahia,98.6,96.8,1.2,2.6
2023,Bahia,95.3,94.0,4.1,3.7
2023,Bahia,90.2,91.1,7.8,3.6
2023,Bahia,90.3,90.9,7.8,3.7
2023,Bahia,90.0,93.5,8.0,2.3
2023,Minas Gerais,96.1,87.8,3.2,7.2
2023,Minas Gerais,96.0,87.6,3.3,7.3
2023,Minas Gerais,97.6,93.3,2.0,4.2
2023,Minas Gerais,95.4,91.7,4.6,7.8
2023,Minas Gerais,95.4,91.5,4.6,8.0
2023,Minas Gerais,,92.5,,7.3
2023,Minas Gerais,94.1,86.5,4.6,7.7
2023,Minas Gerais,94.0,86.3,4.7,7.8
2023,Minas Gerais,96.8,93.6,2.4,2.9
2023,Minas Gerais,96.9,92.4,2.8,6.2
2023,Minas Gerais,96.8,92.3,2.9,6.4
2023,Minas Gerais,97.8,95.9,1.9,1.4
2023,Minas Gerais,98.9,95.8,1.1,3.1
2023,Minas Gerais,98.9,95.8,1.1,3.1
2023,Minas Gerais,96.2,94.7,3.4,2.6
2023,Minas Gerais,95.7,86.8,3.6,7.7
2023,Minas Gerais,95.5,86.6,3.7,7.8
2023,Minas Gerais,97.6,93.2,2.0,4.4
2023,Espírito Santo,96.3,95.5,3.4,2.9
2023,Espírito Santo,96.3,95.6,3.4,2.8
2023,Espírito Santo,96.6,94.2,3.2,4.9
2023,Espírito Santo,,92.2,,6.5
2023,Espírito Santo,,92.6,,6.0
2023,Espírito Santo,,90.7,,8.2
2023,Espírito Santo,98.0,95.5,1.6,2.7
2023,Espírito Santo,98.0,95.5,1.6,2.7
2023,Espírito Santo,98.5,96.7,1.5,3.1
2023,Espírito Santo,95.4,,4.4,
2023,Espírito Santo,95.2,,4.5,
2023,Espírito Santo,96.4,,3.4,
2023,Espírito Santo,99.3,97.7,0.7,2.1
2023,Espírito Santo,99.4,97.9,0.6,1.9
2023,Espírito Santo,94.9,95.1,4.5,3.3
2023,Espírito Santo,95.9,95.2,3.8,3.0
2023,Espírito Santo,95.8,95.3,3.9,2.9
2023,Espírito Santo,96.7,94.0,3.2,5.4
2023,Rio de Janeiro,93.7,84.0,5.7,11.8
2023,Rio de Janeiro,93.9,83.9,5.6,11.9
2023,Rio de Janeiro,91.4,87.3,8.1,9.6
2023,Rio de Janeiro,95.8,86.3,4.0,11.4
2023,Rio de Janeiro,95.8,86.5,4.0,11.2
2023,Rio de Janeiro,,80.4,,16.8
2023,Rio de Janeiro,84.8,80.5,13.8,14.2
2023,Rio de Janeiro,84.8,80.2,13.7,14.4
2023,Rio de Janeiro,83.2,87.2,15.9,9.6
2023,Rio de Janeiro,93.0,87.2,6.5,9.0
2023,Rio de Janeiro,93.1,87.2,6.3,9.0
2023,Rio de Janeiro,91.6,,7.9,
2023,Rio de Janeiro,98.1,95.8,1.8,3.6
2023,Rio de Janeiro,98.1,95.8,1.8,3.6
2023,Rio de Janeiro,97.9,96.4,2.1,3.6
2023,Rio de Janeiro,92.1,80.8,7.2,14.1
2023,Rio de Janeiro,92.2,80.5,7.2,14.2
2023,Rio de Janeiro,91.0,86.9,8.5,9.9
2023,São Paulo,98.5,93.3,1.1,3.9
2023,São Paulo,98.5,93.3,1.1,3.9
2023,São Paulo,98.7,96.7,1.1,1.5
2023,São Paulo,99.5,95.8,0.5,3.9
2023,São Paulo,99.5,95.8,0.5,3.9
2023,São Paulo,97.8,92.4,1.4,4.3
2023,São Paulo,97.7,92.3,1.4,4.3
2023,São Paulo,98.8,96.6,0.6,1.5
2023,São Paulo,98.6,96.9,1.2,2.2
2023,São Paulo,98.6,96.9,1.2,2.2
2023,São Paulo,98.5,95.1,1.4,2.7
2023,São Paulo,99.4,98.4,0.6,1.6
2023,São Paulo,99.4,98.4,0.6,1.6
2023,São Paulo,99.4,98.5,0.6,1.4
2023,São Paulo,98.2,92.4,1.3,4.3
2023,São Paulo,98.2,92.4,1.3,4.3
2023,São Paulo,98.6,96.6,1.2,1.5
2023,Paraná,98.1,96.5,1.8,2.9
2023,Paraná,98.2,96.5,1.8,2.9
2023,Paraná,97.7,97.5,2.3,1.8
2023,Paraná,98.8,92.7,1.2,6.3
2023,Paraná,98.8,92.4,1.2,6.5
2023,Paraná,,98.3,,1.3
2023,Paraná,98.3,96.4,1.6,2.9
2023,Paraná,98.3,96.3,1.6,3.0
2023,Paraná,98.7,97.6,1.2,1.8
2023,Paraná,97.7,,2.3,
2023,Paraná,97.8,,2.2,
2023,Paraná,97.0,,3.0,
2023,Paraná,99.1,98.0,0.9,1.9
2023,Paraná,99.1,98.0,0.9,1.9
2023,Paraná,98.4,94.5,1.6,5.2
2023,Paraná,98.0,96.3,2.0,3.0
2023,Paraná,98.0,96.2,1.9,3.1
2023,Paraná,97.7,97.6,2.3,1.7
2023,Santa Catarina,95.3,83.6,4.4,12.0
2023,Santa Catarina,95.3,83.5,4.5,12.1
2023,Santa Catarina,96.2,89.3,3.6,8.3
2023,Santa Catarina,96.3,90.2,3.7,7.9
2023,Santa Catarina,96.3,90.3,3.7,7.7
2023,Santa Catarina,,89.1,,10.3
2023,Santa Catarina,90.8,80.9,8.8,13.9
2023,Santa Catarina,90.6,80.7,8.9,14.0
2023,Santa Catarina,93.1,88.3,6.4,8.8
2023,Santa Catarina,96.8,96.8,3.0,2.1
2023,Santa Catarina,96.7,97.6,3.0,2.0
2023,Santa Catarina,97.3,95.3,2.6,2.4
2023,Santa Catarina,99.3,97.4,0.7,2.3
2023,Santa Catarina,99.3,97.4,0.7,2.3
2023,Santa Catarina,98.8,97.4,1.2,2.6
2023,Santa Catarina,94.7,81.4,5.0,13.6
2023,Santa Catarina,94.5,81.2,5.2,13.7
2023,Santa Catarina,96.2,88.5,3.6,8.8
2023,Rio Grande do Sul,93.5,82.7,5.7,9.6
2023,Rio Grande do Sul,93.5,82.7,5.7,9.7
2023,Rio Grande do Sul,93.8,84.8,5.5,8.7
2023,Rio Grande do Sul,96.6,88.8,3.4,9.6
2023,Rio Grande do Sul,96.6,88.0,3.4,10.4
2023,Rio Grande do Sul,,91.8,,6.8
2023,Rio Grande do Sul,92.4,80.5,6.5,10.6
2023,Rio Grande do Sul,92.4,80.5,6.5,10.6
2023,Rio Grande do Sul,93.1,81.4,5.6,9.9
2023,Rio Grande do Sul,92.9,76.2,6.5,16.5
2023,Rio Grande do Sul,92.7,74.7,6.6,17.8
2023,Rio Grande do Sul,94.0,87.4,5.4,7.4
2023,Rio Grande do Sul,98.9,94.5,1.1,3.3
2023,Rio Grande do Sul,98.9,94.5,1.1,3.3
2023,Rio Grande do Sul,97.1,96.7,2.4,2.5
2023,Rio Grande do Sul,92.7,81.0,6.5,10.6
2023,Rio Grande do Sul,92.6,80.8,6.6,10.7
2023,Rio Grande do Sul,93.8,84.3,5.5,9.0
2023,Mato Grosso do Sul,93.2,87.6,6.3,8.8
2023,Mato Grosso do Sul,93.8,87.8,5.8,8.6
2023,Mato Grosso do Sul,87.8,85.1,10.7,10.7
2023,Mato Grosso do Sul,97.3,92.6,2.7,2.8
2023,Mato Grosso do Sul,97.3,92.2,2.7,2.7
2023,Mato Grosso do Sul,,94.8,,3.4
2023,Mato Grosso do Sul,93.3,86.1,5.7,10.0
2023,Mato Grosso do Sul,93.3,86.3,5.7,9.8
2023,Mato Grosso do Sul,93.2,82.8,6.4,12.3
2023,Mato Grosso do Sul,92.1,87.3,7.5,12.7
2023,Mato Grosso do Sul,92.9,,6.8,
2023,Mato Grosso do Sul,86.7,87.3,11.7,12.7
2023,Mato Grosso do Sul,98.9,97.2,1.1,2.4
2023,Mato Grosso do Sul,98.9,97.2,1.1,2.4
2023,Mato Grosso do Sul,97.6,95.8,2.4,3.6
2023,Mato Grosso do Sul,92.4,86.5,7.0,9.5
2023,Mato Grosso do Sul,93.0,86.7,6.5,9.4
2023,Mato Grosso do Sul,87.7,84.6,10.8,11.0
2023,Mato Grosso,99.2,96.0,0.6,1.5
2023,Mato Grosso,99.2,95.9,0.6,1.5
2023,Mato Grosso,98.9,97.3,0.7,1.7
2023,Mato Grosso,,93.9,,5.7
2023,Mato Grosso,,93.9,,5.5
2023,Mato Grosso,,93.8,,6.1
2023,Mato Grosso,99.2,96.4,0.4,1.3
2023,Mato Grosso,99.1,96.2,0.4,1.3
2023,Mato Grosso,99.5,97.8,0.2,1.0
2023,Mato Grosso,99.1,,0.7,
2023,Mato Grosso,99.2,,0.7,
2023,Mato Grosso,98.6,,1.0,
2023,Mato Grosso,99.3,94.1,0.7,1.5
2023,Mato Grosso,99.3,94.1,0.7,1.5
2023,Mato Grosso,93.8,100.0,6.2,0.0
2023,Mato Grosso,99.1,96.2,0.6,1.6
2023,Mato Grosso,99.2,96.1,0.6,1.5
2023,Mato Grosso,98.9,97.3,0.7,1.7
2023,Goiás,98.1,97.9,1.6,1.5
2023,Goiás,98.1,97.9,1.6,1.4
2023,Goiás,97.2,96.2,2.5,3.0
2023,Goiás,,86.3,,12.1
2023,Goiás,,85.9,,12.6
2023,Goiás,,87.9,,10.3
2023,Goiás,99.1,98.3,0.6,1.0
2023,Goiás,99.1,98.3,0.6,1.0
2023,Goiás,99.2,99.2,0.6,0.3
2023,Goiás,97.3,94.0,2.4,4.0
2023,Goiás,97.3,93.4,2.4,4.3
2023,Goiás,96.8,98.3,2.9,1.7
2023,Goiás,99.2,97.7,0.8,2.0
2023,Goiás,99.2,97.7,0.8,2.0
2023,Goiás,98.5,98.3,1.4,1.5
2023,Goiás,97.9,97.9,1.8,1.4
2023,Goiás,97.9,98.0,1.8,1.4
2023,Goiás,97.2,95.9,2.6,3.2
2023,Distrito Federal,95.3,87.3,4.2,9.7
2023,Distrito Federal,95.3,87.2,4.2,9.7
2023,Distrito Federal,94.5,90.3,5.3,7.9
2023,Distrito Federal,98.3,89.9,1.7,8.1
2023,Distrito Federal,98.3,90.7,1.7,7.4
2023,Distrito Federal,,85.3,,12.4
2023,Distrito Federal,93.9,84.3,5.4,11.8
2023,Distrito Federal,93.9,84.2,5.4,11.8
2023,Distrito Federal,94.3,89.7,5.4,8.3
2023,Distrito Federal,99.1,96.4,0.9,3.1
2023,Distrito Federal,99.1,96.4,0.9,3.1
2023,Distrito Federal,100.0,100.0,0.0,0.0
2023,Distrito Federal,93.9,84.6,5.3,11.6
2023,Distrito Federal,93.9,84.4,5.3,11.7
2023,Distrito Federal,94.3,88.7,5.4,9.2
Fonte: INEP/Censo Escolar da Educação Básica.,,,,,
2024,Brasil,96.0,91.7,3.4,5.1
2024,Brasil,96.3,91.7,3.2,5.2
2024,Brasil,93.9,92.7,5.0,3.7
2024,Brasil,97.3,92.0,2.6,6.7
2024,Brasil,97.3,91.9,2.6,6.7
2024,Brasil,,92.5,,6.5
2024,Brasil,95.4,90.8,3.7,5.5
2024,Brasil,95.5,90.7,3.6,5.7
2024,Brasil,94.2,92.6,4.2,3.5
2024,Brasil,95.3,93.0,4.1,4.3
2024,Brasil,95.6,93.3,3.9,4.4
2024,Brasil,93.8,90.5,5.1,3.3
2024,Brasil,99.1,97.4,0.9,2.1
2024,Brasil,99.1,97.5,0.9,2.1
2024,Brasil,98.1,95.2,1.7,2.8
2024,Brasil,95.3,90.9,4.0,5.6
2024,Brasil,95.6,90.7,3.8,5.7
2024,Brasil,93.8,92.6,5.0,3.7
2024,Norte,94.1,93.2,4.7,3.8
2024,Norte,95.3,93.3,3.9,4.1
2024,Norte,90.7,93.1,7.1,2.3
2024,Norte,97.0,93.1,2.9,5.9
2024,Norte,97.0,92.9,2.9,6.1
2024,Norte,,94.4,,4.6
2024,Norte,95.4,92.9,3.5,3.9
2024,Norte,95.9,92.9,3.4,4.2
2024,Norte,92.7,93.0,4.6,2.2
2024,Norte,92.9,97.8,5.7,0.0
2024,Norte,94.3,97.6,4.8,0.0
2024,Norte,90.4,100.0,7.4,0.0
2024,Norte,99.2,97.7,0.7,1.9
2024,Norte,99.2,97.8,0.7,1.8
2024,Norte,95.9,93.3,3.8,4.4
2024,Norte,93.6,92.9,5.1,3.9
2024,Norte,94.8,92.9,4.3,4.3
2024,Norte,90.7,93.1,7.1,2.3
2024,Nordeste,95.0,92.1,4.1,4.4
2024,Nordeste,95.2,92.1,4.0,4.4
2024,Nordeste,94.4,91.7,4.6,4.1
2024,Nordeste,98.0,91.3,1.9,7.1
2024,Nordeste,98.0,91.0,1.9,7.3
2024,Nordeste,,93.1,,5.9
2024,Nordeste,91.8,91.5,6.1,4.5
2024,Nordeste,92.1,91.5,5.9,4.6
2024,Nordeste,89.5,91.6,7.6,4.1
2024,Nordeste,94.3,84.8,4.8,2.9
2024,Nordeste,94.2,74.0,4.9,4.2
2024,Nordeste,94.5,90.7,4.6,2.2
2024,Nordeste,99.0,97.3,0.9,2.2
2024,Nordeste,99.0,97.4,0.9,2.1
2024,Nordeste,97.7,93.6,2.0,3.2
2024,Nordeste,94.1,91.5,4.9,4.6
2024,Nordeste,94.0,91.5,5.0,4.7
2024,Nordeste,94.3,91.7,4.7,4.2
2024,Sudeste,97.1,91.6,2.5,5.2
2024,Sudeste,97.1,91.6,2.4,5.2
2024,Sudeste,96.3,93.8,3.4,4.2
2024,Sudeste,96.9,92.9,2.9,6.2
2024,Sudeste,96.9,92.9,2.9,6.2
2024,Sudeste,,93.0,,6.4
2024,Sudeste,96.3,90.4,2.8,5.8
2024,Sudeste,96.3,90.3,2.8,5.8
2024,Sudeste,96.6,93.6,2.8,4.1
2024,Sudeste,96.7,95.2,2.9,3.9
2024,Sudeste,96.8,95.1,2.9,3.9
2024,Sudeste,96.0,97.5,3.7,1.3
2024,Sudeste,99.1,97.5,0.9,2.1
2024,Sudeste,99.1,97.5,0.9,2.1
2024,Sudeste,99.0,96.7,0.9,2.1
2024,Sudeste,96.6,90.5,2.9,5.8
2024,Sudeste,96.6,90.4,2.8,5.8
2024,Sudeste,96.1,93.6,3.5,4.4
2024,Sul,95.6,88.9,4.1,8.0
2024,Sul,95.6,88.8,4.1,8.1
2024,Sul,95.9,91.9,3.7,5.7
2024,Sul,96.5,91.1,3.4,7.2
2024,Sul,96.5,91.0,3.4,7.2
2024,Sul,,92.0,,6.7
2024,Sul,94.1,87.4,5.5,9.0
2024,Sul,94.0,87.2,5.6,9.1
2024,Sul,95.5,91.7,3.9,5.6
2024,Sul,95.6,83.2,4.1,11.3
2024,Sul,95.6,83.0,4.1,11.5
2024,Sul,96.1,84.2,3.7,10.3
2024,Sul,99.1,97.4,0.9,2.2
2024,Sul,99.1,97.4,0.9,2.2
2024,Sul,98.2,96.8,1.7,2.7
2024,Sul,95.0,87.5,4.6,8.9
2024,Sul,94.9,87.3,4.7,9.1
2024,Sul,95.9,91.6,3.7,5.8
2024,Centro-Oeste,97.1,93.9,2.6,4.1
2024,Centro-Oeste,97.2,93.9,2.5,4.1
2024,Centro-Oeste,95.6,94.2,3.8,3.7
2024,Centro-Oeste,98.8,92.2,1.2,6.5
2024,Centro-Oeste,98.8,93.0,1.2,5.8
2024,Centro-Oeste,,89.2,,9.0
2024,Centro-Oeste,96.6,93.4,2.8,4.4
2024,Centro-Oeste,96.6,93.3,2.8,4.5
2024,Centro-Oeste,97.0,95.2,2.6,2.7
2024,Centro-Oeste,96.6,92.2,3.1,6.9
2024,Centro-Oeste,96.8,92.5,3.0,6.6
2024,Centro-Oeste,94.7,91.6,4.5,7.9
2024,Centro-Oeste,99.3,97.2,0.7,2.0
2024,Centro-Oeste,99.3,97.2,0.7,2.0
2024,Centro-Oeste,98.8,97.2,1.1,1.9
2024,Centro-Oeste,96.6,93.3,3.0,4.5
2024,Centro-Oeste,96.7,93.3,2.9,4.5
2024,Centro-Oeste,95.5,94.1,3.9,3.8
2024,Rondônia,96.5,90.8,2.8,5.2
2024,Rondônia,96.8,90.7,2.5,5.3
2024,Rondônia,94.1,92.0,5.0,4.3
2024,Rondônia,,94.5,,5.1
2024,Rondônia,,94.6,,5.2
2024,Rondônia,,94.2,,4.8
2024,Rondônia,96.3,90.1,2.3,5.3
2024,Rondônia,96.5,90.1,2.2,5.3
2024,Rondônia,93.5,90.3,3.5,3.8
2024,Rondônia,96.1,,3.7,
2024,Rondônia,96.7,,3.1,
2024,Rondônia,94.1,,5.5,
2024,Rondônia,98.8,95.4,1.2,4.3
2024,Rondônia,98.8,95.7,1.1,4.1
2024,Rondônia,98.1,93.9,1.9,5.1
2024,Rondônia,96.2,90.4,3.0,5.3
2024,Rondônia,96.6,90.4,2.7,5.3
2024,Rondônia,94.0,91.5,5.2,4.1
2024,Acre,94.2,87.4,4.2,7.8
2024,Acre,95.5,87.9,3.9,9.2
2024,Acre,91.5,85.8,4.7,3.6
2024,Acre,92.1,95.6,7.9,2.9
2024,Acre,92.1,95.6,7.9,3.0
2024,Acre,,95.5,,2.6
2024,Acre,93.9,86.2,4.2,8.5
2024,Acre,95.0,86.6,4.3,10.3
2024,Acre,91.0,85.2,3.7,3.7
2024,Acre,94.0,,4.7,
2024,Acre,95.5,,3.9,
2024,Acre,92.0,,5.8,
2024,Acre,99.7,97.2,0.3,1.5
2024,Acre,99.7,97.2,0.3,1.5
2024,Acre,93.9,86.8,4.4,8.2
2024,Acre,95.2,87.1,4.2,9.9
2024,Acre,91.5,85.8,4.7,3.6
2024,Amazonas,94.7,89.7,4.1,6.3
2024,Amazonas,95.4,89.6,3.8,6.8
2024,Amazonas,92.6,89.7,4.8,3.7
2024,Amazonas,98.1,93.4,1.9,6.1
2024,Amazonas,98.1,93.1,1.9,6.3
2024,Amazonas,,95.3,,4.5
2024,Amazonas,95.6,89.1,3.6,6.5
2024,Amazonas,95.8,89.0,3.5,7.2
2024,Amazonas,92.4,89.6,5.4,3.7
2024,Amazonas,93.8,,4.6,
2024,Amazonas,94.4,,4.6,
2024,Amazonas,92.6,,4.8,
2024,Amazonas,99.2,97.6,0.7,1.8
2024,Amazonas,99.2,97.7,0.7,1.8
2024,Amazonas,96.8,93.8,3.2,6.2
2024,Amazonas,94.3,89.2,4.3,6.5
2024,Amazonas,95.0,89.1,4.2,7.1
2024,Amazonas,92.6,89.7,4.8,3.7
2024,Roraima,94.5,89.2,4.6,7.2
2024,Roraima,94.8,88.9,4.5,8.3
2024,Roraima,93.3,90.3,4.9,3.4
2024,Roraima,97.1,95.9,2.9,2.9
2024,Roraima,97.1,95.6,2.9,3.9
2024,Roraima,,96.2,,1.6
2024,Roraima,91.5,88.5,6.9,7.6
2024,Roraima,91.6,88.2,7.4,8.7
2024,Roraima,91.4,89.7,6.2,3.6
2024,Roraima,96.5,,3.0,
2024,Roraima,96.4,,3.1,
2024,Roraima,97.1,,2.3,
2024,Roraima,99.0,95.8,1.0,3.7
2024,Roraima,99.0,95.7,1.0,3.8
2024,Roraima,,100.0,,0.0
2024,Roraima,94.2,88.8,4.8,7.4
2024,Roraima,94.5,88.4,4.8,8.6
2024,Roraima,93.3,90.2,4.9,3.4
2024,Pará,92.9,97.0,5.8,1.1
2024,Pará,94.8,97.1,4.3,1.1
2024,Pará,89.1,96.5,8.7,0.8
2024,Pará,97.3,91.3,2.6,6.7
2024,Pará,97.3,91.3,2.6,6.7
2024,Pará,,92.3,,4.7
2024,Pará,98.6,97.0,0.8,0.9
2024,Pará,98.7,97.1,0.8,0.9
2024,Pará,98.3,96.5,0.9,0.8
2024,Pará,91.4,97.8,7.0,0.0
2024,Pará,93.1,97.6,5.7,0.0
2024,Pará,88.9,100.0,8.9,0.0
2024,Pará,99.1,98.1,0.7,1.5
2024,Pará,99.2,98.2,0.7,1.5
2024,Pará,89.5,91.4,10.2,4.5
2024,Pará,92.2,96.9,6.3,1.0
2024,Pará,94.1,96.9,4.9,1.1
2024,Pará,89.1,96.5,8.7,0.8
2024,Amapá,92.9,89.0,6.3,7.5
2024,Amapá,93.3,89.1,6.0,7.8
2024,Amapá,91.2,88.1,7.2,5.1
2024,Amapá,,94.4,,5.4
2024,Amapá,,94.4,,5.4
2024,Amapá,90.7,87.7,8.0,8.3
2024,Amapá,90.7,87.7,8.3,8.8
2024,Amapá,90.8,87.9,7.2,5.2
2024,Amapá,94.2,,5.4,
2024,Amapá,94.7,,4.9,
2024,Amapá,92.0,,7.3,
2024,Amapá,99.5,98.9,0.3,0.6
2024,Amapá,99.7,99.4,0.2,0.5
2024,Amapá,82.3,92.5,8.3,3.0
2024,Amapá,92.2,88.0,6.9,8.1
2024,Amapá,92.5,88.1,6.8,8.6
2024,Amapá,91.3,87.9,7.2,5.2
2024,Tocantins,97.3,93.9,2.4,4.1
2024,Tocantins,97.5,93.9,2.2,4.1
2024,Tocantins,95.9,93.8,3.5,4.2
2024,Tocantins,,92.2,,7.6
2024,Tocantins,,92.1,,7.6
2024,Tocantins,,92.3,,7.7
2024,Tocantins,96.7,93.6,2.6,4.1
2024,Tocantins,96.8,93.6,2.6,4.1
2024,Tocantins,95.8,93.9,2.9,3.7
2024,Tocantins,97.3,,2.5,
2024,Tocantins,97.5,,2.3,
2024,Tocantins,95.9,,3.8,
2024,Tocantins,99.3,98.1,0.7,1.9
2024,Tocantins,99.4,98.1,0.6,1.9
2024,Tocantins,97.2,98.6,2.8,1.4
2024,Tocantins,97.1,93.6,2.6,4.2
2024,Tocantins,97.3,93.6,2.4,4.2
2024,Tocantins,95.9,93.7,3.5,4.3
2024,Maranhão,95.6,92.3,3.5,4.4
2024,Maranhão,96.0,92.8,3.3,4.3
2024,Maranhão,94.9,89.9,3.8,5.0
2024,Maranhão,98.5,92.4,1.3,6.5
2024,Maranhão,98.5,91.7,1.3,7.2
2024,Maranhão,,94.8,,4.2
2024,Maranhão,90.3,92.1,6.4,4.5
2024,Maranhão,97.1,92.6,2.4,4.3
2024,Maranhão,83.4,89.6,10.4,5.3
2024,Maranhão,95.2,82.7,3.8,2.9
2024,Maranhão,95.2,67.7,3.9,5.1
2024,Maranhão,95.2,90.2,3.7,1.8
2024,Maranhão,99.0,96.4,0.8,2.0
2024,Maranhão,99.1,97.2,0.8,1.9
2024,Maranhão,98.8,88.5,0.8,2.4
2024,Maranhão,95.1,92.1,3.8,4.6
2024,Maranhão,95.3,92.4,3.8,4.5
2024,Maranhão,94.9,90.0,3.9,5.1
2024,Piauí,96.3,96.5,3.2,1.5
2024,Piauí,96.4,96.6,3.1,1.5
2024,Piauí,96.0,95.4,3.5,1.3
2024,Piauí,,94.2,,4.4
2024,Piauí,,94.3,,4.4
2024,Piauí,,93.4,,3.8
2024,Piauí,98.2,96.6,1.2,1.1
2024,Piauí,98.3,96.7,1.1,1.1
2024,Piauí,94.8,95.7,3.9,1.0
2024,Piauí,95.8,,3.7,
2024,Piauí,95.7,,3.8,
2024,Piauí,96.0,,3.5,
2024,Piauí,98.8,97.4,1.1,2.3
2024,Piauí,98.8,97.4,1.1,2.3
2024,Piauí,99.0,100.0,1.0,0.0
2024,Piauí,95.9,96.4,3.5,1.4
2024,Piauí,95.9,96.5,3.6,1.4
2024,Piauí,96.0,95.4,3.5,1.4
2024,Ceará,99.2,97.0,0.6,1.2
2024,Ceará,99.2,96.9,0.6,1.2
2024,Ceará,99.4,97.7,0.5,0.6
2024,Ceará,99.6,88.4,0.2,9.9
2024,Ceará,99.6,88.5,0.2,9.8
2024,Ceará,,87.5,,10.7
2024,Ceará,97.9,97.1,1.1,1.0
2024,Ceará,97.9,97.0,1.1,1.0
2024,Ceará,98.0,97.9,1.2,0.4
2024,Ceará,99.2,,0.6,
2024,Ceará,99.2,,0.6,
2024,Ceará,99.4,,0.5,
2024,Ceará,99.4,98.1,0.5,1.5
2024,Ceará,99.4,98.1,0.5,1.5
2024,Ceará,100.0,95.1,0.0,2.4
2024,Ceará,99.2,96.9,0.6,1.2
2024,Ceará,99.2,96.8,0.6,1.2
2024,Ceará,99.4,97.7,0.5,0.6
2024,Rio Grande do Norte,90.1,81.4,8.7,11.8
2024,Rio Grande do Norte,90.2,81.3,8.6,11.8
2024,Rio Grande do Norte,89.8,83.2,9.1,10.2
2024,Rio Grande do Norte,100.0,91.4,0.0,7.8
2024,Rio Grande do Norte,100.0,91.3,0.0,7.7
2024,Rio Grande do Norte,,91.7,,8.1
2024,Rio Grande do Norte,86.2,77.6,11.4,13.8
2024,Rio Grande do Norte,86.2,77.5,11.4,13.9
2024,Rio Grande do Norte,85.8,80.3,10.5,11.0
2024,Rio Grande do Norte,87.9,,10.9,
2024,Rio Grande do Norte,87.2,,11.5,
2024,Rio Grande do Norte,89.9,,9.1,
2024,Rio Grande do Norte,98.7,96.2,1.1,2.8
2024,Rio Grande do Norte,98.7,96.2,1.1,2.8
2024,Rio Grande do Norte,98.3,94.4,1.7,2.8
2024,Rio Grande do Norte,87.5,79.2,11.0,13.1
2024,Rio Grande do Norte,86.9,79.0,11.5,13.2
2024,Rio Grande do Norte,89.7,83.1,9.2,10.3
2024,Paraíba,93.1,85.7,5.6,8.5
2024,Paraíba,93.0,86.0,5.7,8.3
2024,Paraíba,93.7,80.0,5.2,11.2
2024,Paraíba,99.4,94.7,0.6,4.4
2024,Paraíba,99.4,94.7,0.6,4.4
2024,Paraíba,,96.1,,2.6
2024,Paraíba,84.4,83.2,11.3,9.8
2024,Paraíba,84.4,83.4,11.4,9.7
2024,Paraíba,84.2,79.4,10.7,11.5
2024,Paraíba,92.5,77.0,6.3,2.1
2024,Paraíba,92.0,69.2,6.7,0.8
2024,Paraíba,94.3,94.7,4.9,5.3
2024,Paraíba,99.0,97.4,0.8,2.1
2024,Paraíba,99.0,97.4,0.8,2.1
2024,Paraíba,95.7,,3.9,
2024,Paraíba,91.6,83.9,6.9,9.4
2024,Paraíba,91.0,84.1,7.3,9.4
2024,Paraíba,93.7,80.0,5.2,11.2
2024,Pernambuco,96.9,96.3,2.8,3.0
2024,Pernambuco,97.1,96.5,2.6,2.9
2024,Pernambuco,96.1,93.3,3.6,5.1
2024,Pernambuco,96.8,91.0,3.2,6.8
2024,Pernambuco,96.8,91.3,3.2,6.0
2024,Pernambuco,,90.2,,9.1
2024,Pernambuco,96.9,96.3,2.8,3.0
2024,Pernambuco,97.5,96.5,2.2,2.9
2024,Pernambuco,92.9,93.6,6.2,4.7
2024,Pernambuco,96.1,94.0,3.5,1.2
2024,Pernambuco,96.0,,3.6,
2024,Pernambuco,96.4,94.0,3.4,1.2
2024,Pernambuco,99.0,97.7,0.9,2.0
2024,Pernambuco,99.0,97.7,0.9,2.0
2024,Pernambuco,96.9,97.4,2.9,2.6
2024,Pernambuco,96.2,96.1,3.4,3.1
2024,Pernambuco,96.2,96.3,3.4,3.0
2024,Pernambuco,96.1,93.2,3.6,5.1
2024,Alagoas,96.1,91.0,3.2,5.3
2024,Alagoas,95.8,91.1,3.4,5.3
2024,Alagoas,96.9,90.3,2.6,5.9
2024,Alagoas,,89.4,,8.7
2024,Alagoas,,89.4,,8.7
2024,Alagoas,92.8,90.2,5.5,5.5
2024,Alagoas,92.7,90.2,5.6,5.5
2024,Alagoas,95.5,90.3,3.7,5.9
2024,Alagoas,95.8,,3.4,
2024,Alagoas,95.4,,3.8,
2024,Alagoas,97.0,,2.5,
2024,Alagoas,98.8,97.4,1.0,2.3
2024,Alagoas,98.8,97.3,1.0,2.3
2024,Alagoas,97.6,100.0,2.4,0.0
2024,Alagoas,95.5,90.2,3.7,5.7
2024,Alagoas,95.0,90.2,4.1,5.7
2024,Alagoas,96.9,90.3,2.6,5.9
2024,Sergipe,93.4,92.9,5.8,5.5
2024,Sergipe,94.1,92.8,5.2,5.6
2024,Sergipe,90.9,94.9,8.2,3.7
2024,Sergipe,95.3,91.3,4.7,7.3
2024,Sergipe,95.3,90.6,4.7,8.1
2024,Sergipe,,92.7,,5.7
2024,Sergipe,94.3,92.1,4.9,6.0
2024,Sergipe,94.3,91.9,4.9,6.2
2024,Sergipe,96.3,95.3,3.0,3.3
2024,Sergipe,90.7,,8.3,
2024,Sergipe,90.8,,8.1,
2024,Sergipe,90.5,,8.5,
2024,Sergipe,98.9,97.7,1.0,2.0
2024,Sergipe,98.9,97.7,1.0,2.0
2024,Sergipe,98.5,,1.5,
2024,Sergipe,91.7,92.1,7.4,6.0
2024,Sergipe,92.0,91.9,7.0,6.2
2024,Sergipe,90.7,94.9,8.3,3.7
2024,Bahia,92.2,89.3,6.3,4.9
2024,Bahia,92.6,89.1,5.9,5.0
2024,Bahia,91.0,91.7,7.3,2.9
2024,Bahia,97.7,88.8,2.3,8.6
2024,Bahia,97.7,87.8,2.3,9.3
2024,Bahia,,96.1,,3.5
2024,Bahia,89.7,88.4,6.2,5.0
2024,Bahia,89.8,88.2,6.1,5.2
2024,Bahia,87.8,91.0,8.8,2.7
2024,Bahia,90.9,89.2,7.4,3.3
2024,Bahia,90.9,86.4,7.5,3.4
2024,Bahia,91.0,91.0,7.3,3.3
2024,Bahia,98.8,96.9,1.0,2.5
2024,Bahia,98.9,97.0,1.0,2.4
2024,Bahia,96.5,95.3,2.9,3.7
2024,Bahia,90.8,88.4,7.3,5.1
2024,Bahia,90.8,88.2,7.3,5.3
2024,Bahia,90.9,91.3,7.3,2.8
2024,Minas Gerais,96.3,88.2,3.1,6.6
2024,Minas Gerais,96.2,88.0,3.2,6.7
2024,Minas Gerais,97.8,94.3,1.9,3.5
2024,Minas Gerais,97.4,93.4,2.6,6.2
2024,Minas Gerais,97.4,93.3,2.6,6.3
2024,Minas Gerais,,93.7,,5.9
2024,Minas Gerais,94.2,86.9,4.5,7.1
2024,Minas Gerais,94.1,86.7,4.6,7.2
2024,Minas Gerais,96.9,94.3,2.3,2.6
2024,Minas Gerais,97.1,94.1,2.7,4.7
2024,Minas Gerais,97.0,94.1,2.7,4.8
2024,Minas Gerais,98.0,94.5,1.8,2.7
2024,Minas Gerais,99.0,96.0,1.0,2.8
2024,Minas Gerais,99.0,96.0,1.0,2.8
2024,Minas Gerais,98.9,96.6,0.7,2.0
2024,Minas Gerais,95.8,87.2,3.5,7.1
2024,Minas Gerais,95.7,87.0,3.6,7.2
2024,Minas Gerais,97.8,94.1,1.9,3.7
2024,Espírito Santo,96.8,96.7,3.0,2.2
2024,Espírito Santo,96.8,96.8,3.0,2.2
2024,Espírito Santo,97.4,95.4,2.4,3.3
2024,Espírito Santo,,92.6,,6.5
2024,Espírito Santo,,92.6,,6.6
2024,Espírito Santo,,92.8,,6.0
2024,Espírito Santo,98.3,96.9,1.5,1.9
2024,Espírito Santo,98.3,96.9,1.5,1.9
2024,Espírito Santo,98.6,97.6,1.3,1.5
2024,Espírito Santo,96.0,,3.8,
2024,Espírito Santo,95.9,,3.9,
2024,Espírito Santo,97.3,,2.6,
2024,Espírito Santo,99.3,97.7,0.7,1.9
2024,Espírito Santo,99.4,98.0,0.6,1.8
2024,Espírito Santo,96.9,95.2,2.3,2.3
2024,Espírito Santo,96.4,96.5,3.4,2.3
2024,Espírito Santo,96.3,96.6,3.5,2.2
2024,Espírito Santo,97.5,95.5,2.4,3.6
2024,Rio de Janeiro,93.9,84.3,5.6,11.2
2024,Rio de Janeiro,94.0,84.2,5.4,11.3
2024,Rio de Janeiro,91.1,87.1,8.5,9.9
2024,Rio de Janeiro,96.4,89.5,3.3,8.4
2024,Rio de Janeiro,96.4,89.7,3.3,8.2
2024,Rio de Janeiro,,86.4,,12.2
2024,Rio de Janeiro,85.2,80.8,13.1,13.6
2024,Rio de Janeiro,85.2,80.5,13.0,13.7
2024,Rio de Janeiro,83.9,86.8,14.6,10.0
2024,Rio de Janeiro,93.0,88.8,6.4,8.2
2024,Rio de Janeiro,93.2,88.8,6.3,8.2
2024,Rio de Janeiro,91.1,,8.5,
2024,Rio de Janeiro,98.2,96.0,1.7,3.4
2024,Rio de Janeiro,98.2,96.0,1.7,3.3
2024,Rio de Janeiro,98.7,95.8,1.3,4.1
2024,Rio de Janeiro,92.2,81.1,7.1,13.4
2024,Rio de Janeiro,92.3,80.9,7.0,13.5
2024,Rio de Janeiro,90.6,86.7,8.9,10.1
2024,São Paulo,98.6,94.8,1.0,3.1
2024,São Paulo,98.6,94.7,1.0,3.1
2024,São Paulo,98.9,97.3,0.9,1.4
2024,São Paulo,97.6,96.0,2.4,3.5
2024,São Paulo,97.6,96.0,2.4,3.5
2024,São Paulo,98.0,94.0,1.2,3.4
2024,São Paulo,98.0,93.9,1.2,3.4
2024,São Paulo,99.0,97.1,0.6,1.4
2024,São Paulo,98.6,96.0,1.1,3.3
2024,São Paulo,98.6,95.9,1.1,3.3
2024,São Paulo,98.7,100.0,1.2,0.0
2024,São Paulo,99.4,98.5,0.6,1.5
2024,São Paulo,99.4,98.5,0.6,1.5
2024,São Paulo,99.6,98.6,0.4,1.4
2024,São Paulo,98.4,94.0,1.2,3.4
2024,São Paulo,98.3,94.0,1.2,3.4
2024,São Paulo,98.8,97.2,1.0,1.4
2024,Paraná,96.8,93.6,3.1,5.1
2024,Paraná,96.8,93.6,3.1,5.2
2024,Paraná,97.2,95.6,2.6,3.1
2024,Paraná,96.3,93.1,3.7,5.9
2024,Paraná,96.3,92.9,3.7,6.1
2024,Paraná,,98.1,,1.2
2024,Paraná,95.4,92.9,4.4,5.6
2024,Paraná,95.3,92.8,4.5,5.8
2024,Paraná,96.5,95.5,3.0,3.1
2024,Paraná,97.2,,2.8,
2024,Paraná,97.2,,2.8,
2024,Paraná,97.6,,2.4,
2024,Paraná,99.2,98.0,0.8,1.8
2024,Paraná,99.2,98.0,0.8,1.8
2024,Paraná,98.3,95.7,1.7,4.3
2024,Paraná,96.4,92.9,3.5,5.6
2024,Paraná,96.3,92.8,3.5,5.8
2024,Paraná,97.2,95.5,2.6,3.0
2024,Santa Catarina,96.0,85.7,3.7,10.2
2024,Santa Catarina,96.0,85.5,3.8,10.3
2024,Santa Catarina,96.7,92.0,3.1,5.4
2024,Santa Catarina,96.6,92.4,3.1,5.9
2024,Santa Catarina,96.6,92.4,3.1,5.8
2024,Santa Catarina,,92.3,,6.6
2024,Santa Catarina,93.1,83.2,6.5,11.9
2024,Santa Catarina,92.9,83.0,6.7,12.0
2024,Santa Catarina,95.0,91.2,4.7,5.7
2024,Santa Catarina,96.7,97.0,3.1,0.9
2024,Santa Catarina,96.6,98.6,3.2,1.4
2024,Santa Catarina,97.3,93.5,2.6,0.0
2024,Santa Catarina,99.4,97.5,0.6,2.1
2024,Santa Catarina,99.4,97.5,0.6,2.1
2024,Santa Catarina,97.8,98.1,2.1,1.9
2024,Santa Catarina,95.4,83.7,4.3,11.6
2024,Santa Catarina,95.3,83.5,4.4,11.7
2024,Santa Catarina,96.7,91.4,3.1,5.7
2024,Rio Grande do Sul,94.0,85.5,5.5,9.9
2024,Rio Grande do Sul,93.9,85.4,5.5,9.9
2024,Rio Grande do Sul,94.6,87.2,4.8,9.0
2024,Rio Grande do Sul,96.5,89.3,3.5,8.6
2024,Rio Grande do Sul,96.5,88.8,3.5,9.0
2024,Rio Grande do Sul,,91.4,,7.2
2024,Rio Grande do Sul,93.2,83.5,6.1,11.1
2024,Rio Grande do Sul,93.0,83.5,6.3,11.1
2024,Rio Grande do Sul,94.8,85.1,4.3,10.0
2024,Rio Grande do Sul,93.2,81.3,6.2,12.7
2024,Rio Grande do Sul,93.0,81.3,6.4,12.6
2024,Rio Grande do Sul,94.5,81.0,5.0,13.8
2024,Rio Grande do Sul,98.8,96.3,1.2,2.9
2024,Rio Grande do Sul,98.8,96.3,1.2,2.9
2024,Rio Grande do Sul,99.0,96.3,0.8,2.6
2024,Rio Grande do Sul,93.2,83.9,6.2,10.9
2024,Rio Grande do Sul,93.0,83.7,6.3,11.0
2024,Rio Grande do Sul,94.6,86.7,4.8,9.3
2024,Mato Grosso do Sul,93.7,92.2,5.8,5.8
2024,Mato Grosso do Sul,94.3,92.2,5.4,5.9
2024,Mato Grosso do Sul,89.0,91.8,9.3,4.3
2024,Mato Grosso do Sul,99.3,95.3,0.7,3.3
2024,Mato Grosso do Sul,99.3,95.9,0.7,2.7
2024,Mato Grosso do Sul,,92.6,,5.9
2024,Mato Grosso do Sul,94.3,91.3,5.0,6.4
2024,Mato Grosso do Sul,94.3,91.3,5.0,6.6
2024,Mato Grosso do Sul,94.2,91.4,4.8,4.0
2024,Mato Grosso do Sul,92.4,87.8,7.1,12.2
2024,Mato Grosso do Sul,93.1,,6.6,
2024,Mato Grosso do Sul,87.9,87.8,10.3,12.2
2024,Mato Grosso do Sul,99.2,97.8,0.8,2.1
2024,Mato Grosso do Sul,99.2,97.8,0.8,2.2
2024,Mato Grosso do Sul,100.0,97.2,0.0,1.7
2024,Mato Grosso do Sul,92.9,91.5,6.5,6.2
2024,Mato Grosso do Sul,93.4,91.5,6.2,6.4
2024,Mato Grosso do Sul,88.9,91.5,9.4,4.4
2024,Mato Grosso,99.1,93.6,0.7,3.5
2024,Mato Grosso,99.1,93.3,0.7,3.7
2024,Mato Grosso,99.1,96.0,0.6,2.7
2024,Mato Grosso,,93.4,,5.6
2024,Mato Grosso,,94.3,,4.6
2024,Mato Grosso,,90.4,,8.9
2024,Mato Grosso,98.5,93.2,0.9,3.6
2024,Mato Grosso,98.4,92.7,0.9,3.8
2024,Mato Grosso,99.3,96.9,0.5,1.7
2024,Mato Grosso,99.4,,0.5,
2024,Mato Grosso,99.4,,0.6,
2024,Mato Grosso,99.0,,0.7,
2024,Mato Grosso,99.4,97.9,0.6,1.6
2024,Mato Grosso,99.4,97.9,0.6,1.6
2024,Mato Grosso,96.2,95.2,3.1,4.8
2024,Mato Grosso,99.0,93.2,0.7,3.7
2024,Mato Grosso,99.0,92.8,0.7,3.9
2024,Mato Grosso,99.1,96.0,0.6,2.7
2024,Goiás,98.0,96.9,1.7,1.9
2024,Goiás,98.0,96.9,1.7,1.9
2024,Goiás,97.3,95.5,2.5,3.1
2024,Goiás,98.3,89.8,1.7,9.1
2024,Goiás,98.3,90.3,1.7,8.9
2024,Goiás,,88.0,,9.6
2024,Goiás,98.6,97.2,1.0,1.7
2024,Goiás,98.6,97.1,1.0,1.7
2024,Goiás,98.5,98.1,0.8,0.7
2024,Goiás,97.3,93.1,2.4,5.9
2024,Goiás,97.3,92.5,2.4,6.6
2024,Goiás,97.0,98.5,2.9,0.0
2024,Goiás,99.3,96.7,0.7,1.8
2024,Goiás,99.3,96.7,0.7,1.8
2024,Goiás,98.3,97.3,1.7,2.0
2024,Goiás,97.7,96.9,2.0,2.0
2024,Goiás,97.7,97.0,1.9,1.9
2024,Goiás,97.2,95.3,2.6,3.2
2024,Distrito Federal,95.6,88.9,4.0,8.4
2024,Distrito Federal,95.6,89.0,3.9,8.3
2024,Distrito Federal,94.7,88.0,5.1,9.8
2024,Distrito Federal,98.7,89.5,1.3,8.3
2024,Distrito Federal,98.7,90.6,1.3,7.4
2024,Distrito Federal,,83.5,,12.8
2024,Distrito Federal,94.3,86.3,5.1,10.2
2024,Distrito Federal,94.2,86.2,5.1,10.3
2024,Distrito Federal,94.7,89.4,5.1,8.9
2024,Distrito Federal,99.3,97.3,0.7,2.5
2024,Distrito Federal,99.3,97.3,0.7,2.5
2024,Distrito Federal,100.0,,0.0,
2024,Distrito Federal,94.3,86.4,5.1,10.1
2024,Distrito Federal,94.3,86.4,5.1,10.1
2024,Distrito Federal,94.7,88.0,5.1,9.8
Fonte: INEP/Censo Escolar da Educação Básica.,,,,,
